id,job_ad_id,applicant_id,received_callback_id,resume_quality_id
1,384,1,0,0
2,384,2,0,1
3,384,3,0,0
4,384,4,0,1
5,385,5,0,1
6,386,6,0,0
7,386,7,0,1
8,385,8,0,1
9,386,9,0,0
10,386,10,0,1
11,387,11,0,1
12,387,12,0,1
13,388,13,0,0
14,388,14,0,0
15,389,15,0,1
16,389,16,0,0
17,389,17,0,1
18,389,18,0,0
19,390,19,0,1
20,390,20,0,0
21,390,21,0,1
22,390,22,0,0
23,392,23,0,0
24,391,24,0,0
25,392,25,0,1
26,391,26,0,0
27,392,27,0,1
28,391,28,0,1
29,391,29,0,1
30,392,30,0,0
31,393,31,0,0
32,393,32,0,0
33,393,33,0,1
34,393,34,0,1
35,395,35,0,0
36,394,36,0,1
37,394,37,0,0
38,395,38,0,0
39,394,39,0,1
40,395,40,0,1
41,394,41,0,0
42,395,42,0,1
43,396,43,0,1
44,396,44,0,0
45,396,45,0,0
46,396,46,0,1
47,397,47,0,1
48,397,48,0,1
49,398,49,0,0
50,398,50,0,1
51,398,51,0,0
52,398,52,0,1
53,399,53,0,0
54,399,54,0,0
55,400,55,0,1
56,399,56,0,1
57,399,57,0,1
58,400,58,0,1
59,401,59,0,0
60,401,60,0,1
61,401,61,0,0
62,401,62,0,1
63,403,63,0,1
64,402,64,0,0
65,403,65,0,1
66,402,66,0,0
67,402,67,0,1
68,402,68,0,1
69,404,69,0,1
70,404,70,0,0
71,405,71,0,1
72,405,72,0,1
73,404,73,0,0
74,405,74,0,0
75,404,75,0,1
76,405,76,0,0
77,406,77,0,1
78,406,78,0,1
79,406,79,0,0
80,406,80,0,0
81,407,81,0,0
82,407,82,0,1
83,407,83,0,0
84,407,84,0,1
85,410,85,0,1
86,410,86,1,1
87,412,87,0,0
88,411,88,0,0
89,411,89,0,0
90,411,90,0,1
91,412,91,0,1
92,412,92,0,1
93,411,93,0,1
94,412,94,0,0
95,413,95,0,1
96,414,96,1,1
97,414,97,0,1
98,413,98,0,1
99,413,99,0,0
100,413,100,0,0
101,415,101,0,1
102,415,102,0,1
103,416,103,0,1
104,416,104,0,1
105,417,105,0,1
106,418,106,1,1
107,417,107,0,1
108,418,108,1,1
109,419,109,0,1
110,419,110,0,1
111,420,111,0,1
112,420,112,0,1
113,421,113,0,0
114,421,114,0,0
115,421,115,0,1
116,421,116,0,1
117,422,117,0,1
118,422,118,0,1
119,422,119,0,0
120,423,120,0,0
121,423,121,0,0
122,422,122,0,0
123,425,123,0,0
124,424,124,0,1
125,425,125,0,0
126,424,126,0,1
127,426,127,1,1
128,426,128,1,1
129,428,129,0,1
130,427,130,0,1
131,427,131,0,0
132,427,132,0,1
133,428,133,0,1
134,427,134,0,0
135,429,135,0,1
136,430,136,0,1
137,429,137,0,1
138,430,138,0,1
139,431,139,0,0
140,431,140,0,1
141,431,141,0,0
142,432,142,0,0
143,431,143,0,1
144,432,144,0,0
145,433,145,0,0
146,433,146,0,0
147,434,147,0,0
148,434,148,0,1
149,434,149,0,0
150,434,150,0,1
151,435,151,0,0
152,435,152,0,0
153,436,153,0,1
154,436,154,0,0
155,436,155,0,1
156,436,156,0,0
157,438,157,0,1
158,437,158,0,0
159,437,159,0,1
160,438,160,0,0
161,438,161,0,0
162,437,162,0,0
163,437,163,0,1
164,438,164,0,1
165,439,165,0,0
166,440,166,1,1
167,440,167,0,1
168,439,168,0,1
169,440,169,1,0
170,439,170,0,1
171,439,171,0,0
172,440,172,1,0
173,125,173,0,1
174,125,174,0,0
175,73,175,0,1
176,201,176,0,0
177,184,177,0,0
178,100,178,0,0
179,1,179,0,1
180,184,180,0,1
181,201,181,0,0
182,73,182,0,0
183,125,183,0,1
184,225,184,0,1
185,225,185,0,0
186,184,186,0,1
187,73,187,0,0
188,100,188,0,1
189,1,189,0,0
190,100,190,0,0
191,73,191,0,1
192,100,192,0,1
193,1,193,0,0
194,225,194,0,1
195,225,195,0,0
196,201,196,0,1
197,125,197,0,0
198,1,198,0,1
199,201,199,0,1
200,184,200,0,0
201,441,201,1,1
202,441,202,1,1
203,442,203,0,0
204,442,204,0,1
205,442,205,0,1
206,442,206,0,0
207,444,207,0,1
208,444,208,0,0
209,444,209,0,1
210,444,210,0,0
211,445,211,1,1
212,445,212,0,0
213,445,213,0,1
214,445,214,0,0
215,446,215,0,0
216,446,216,0,1
217,446,217,0,0
218,446,218,0,1
219,447,219,0,0
220,447,220,0,0
221,448,221,0,1
222,448,222,0,0
223,448,223,0,0
224,448,224,0,1
225,449,225,0,0
226,449,226,0,1
227,449,227,0,1
228,449,228,0,0
229,450,229,0,0
230,450,230,0,1
231,450,231,0,0
232,450,232,0,1
233,451,233,0,1
234,451,234,0,0
235,451,235,0,0
236,451,236,0,1
237,452,237,0,0
238,452,238,0,0
239,453,239,0,0
240,453,240,0,0
241,452,241,0,1
242,452,242,0,1
243,454,243,0,1
244,454,244,0,0
245,454,245,0,0
246,454,246,0,1
247,455,247,0,0
248,455,248,1,1
249,455,249,0,0
250,455,250,0,1
251,456,251,0,1
252,456,252,0,1
253,456,253,0,0
254,456,254,0,0
255,457,255,0,1
256,457,256,0,0
257,457,257,0,0
258,457,258,0,1
259,458,259,0,1
260,458,260,1,0
261,459,261,0,0
262,458,262,0,1
263,458,263,0,0
264,459,264,0,0
265,460,265,0,0
266,460,266,0,0
267,460,267,0,1
268,461,268,1,1
269,461,269,0,1
270,460,270,1,1
271,462,271,1,1
272,462,272,1,1
273,462,273,1,0
274,462,274,0,0
275,464,275,0,1
276,463,276,0,0
277,463,277,0,1
278,464,278,0,1
279,463,279,0,1
280,463,280,0,0
281,465,281,0,0
282,465,282,0,1
283,465,283,0,0
284,466,284,0,0
285,465,285,0,1
286,466,286,0,0
287,467,287,0,0
288,467,288,0,1
289,467,289,0,0
290,467,290,0,1
291,469,291,0,0
292,468,292,0,0
293,469,293,0,0
294,468,294,0,1
295,468,295,0,0
296,468,296,0,1
297,470,297,0,0
298,470,298,0,1
299,470,299,0,0
300,470,300,0,1
301,471,301,0,0
302,471,302,0,1
303,471,303,0,1
304,471,304,0,0
305,472,305,0,1
306,472,306,0,1
307,473,307,0,0
308,473,308,0,1
309,473,309,0,0
310,473,310,0,1
311,474,311,0,0
312,475,312,0,0
313,474,313,0,1
314,474,314,0,0
315,474,315,0,1
316,475,316,0,0
317,476,317,0,1
318,476,318,0,0
319,476,319,0,0
320,476,320,0,1
321,477,321,0,1
322,477,322,0,1
323,477,323,0,0
324,477,324,0,0
325,478,325,0,1
326,478,326,0,0
327,478,327,0,0
328,479,328,0,1
329,478,329,0,1
330,479,330,0,1
331,480,331,0,1
332,480,332,0,1
333,481,333,0,1
334,481,334,0,0
335,481,335,0,1
336,481,336,0,0
337,482,337,0,0
338,482,338,0,1
339,482,339,0,0
340,483,340,0,1
341,482,341,0,1
342,483,342,0,1
343,484,343,0,0
344,484,344,0,1
345,484,345,0,1
346,484,346,0,0
347,485,347,0,0
348,485,348,0,1
349,485,349,1,1
350,485,350,0,0
351,486,351,0,1
352,486,352,0,0
353,486,353,0,1
354,486,354,0,0
355,79,355,0,0
356,132,356,0,0
357,132,357,0,0
358,234,358,0,1
359,47,359,0,0
360,234,360,0,1
361,47,361,0,1
362,234,362,0,0
363,132,363,0,1
364,192,364,0,1
365,234,365,0,0
366,192,366,0,0
367,192,367,0,0
368,47,368,0,0
369,210,369,0,0
370,47,370,0,1
371,132,371,0,1
372,210,372,0,0
373,79,373,0,1
374,210,374,0,1
375,210,375,0,1
376,192,376,0,1
377,79,377,0,0
378,79,378,0,1
379,487,379,0,1
380,487,380,0,0
381,487,381,0,1
382,487,382,0,0
383,288,383,1,1
384,288,384,1,0
385,288,385,0,0
386,288,386,0,1
387,289,387,0,0
388,289,388,0,1
389,289,389,1,1
390,289,390,0,0
391,488,391,0,0
392,488,392,0,1
393,488,393,0,1
394,488,394,0,0
395,489,395,0,1
396,489,396,0,0
397,489,397,0,1
398,489,398,0,0
399,291,399,0,1
400,291,400,0,0
401,291,401,0,0
402,291,402,0,1
403,490,403,0,0
404,490,404,0,1
405,490,405,0,1
406,490,406,0,0
407,292,407,0,0
408,292,408,0,0
409,491,409,0,0
410,491,410,0,0
411,491,411,0,1
412,491,412,0,1
413,293,413,0,1
414,293,414,1,1
415,293,415,0,0
416,293,416,0,0
417,492,417,0,1
418,492,418,0,0
419,492,419,0,1
420,492,420,0,0
421,294,421,0,1
422,294,422,0,0
423,294,423,0,0
424,294,424,0,1
425,493,425,0,0
426,493,426,0,1
427,493,427,1,0
428,493,428,1,1
429,295,429,0,1
430,295,430,0,1
431,295,431,0,0
432,295,432,0,0
433,494,433,0,0
434,494,434,0,1
435,494,435,0,0
436,494,436,0,1
437,296,437,0,0
438,296,438,0,1
439,296,439,0,1
440,296,440,0,0
441,297,441,0,0
442,297,442,0,1
443,297,443,1,1
444,297,444,0,0
445,495,445,0,1
446,495,446,0,1
447,495,447,0,0
448,495,448,1,0
449,496,449,0,1
450,496,450,0,0
451,496,451,0,0
452,496,452,0,1
453,497,453,0,0
454,497,454,0,1
455,497,455,0,1
456,497,456,0,0
457,498,457,0,1
458,498,458,0,0
459,498,459,0,1
460,498,460,0,0
461,499,461,0,1
462,499,462,0,0
463,499,463,0,0
464,499,464,0,1
465,500,465,0,0
466,500,466,0,0
467,500,467,0,1
468,500,468,0,1
469,501,469,0,1
470,501,470,0,1
471,501,471,0,0
472,501,472,0,0
473,502,473,1,0
474,502,474,0,0
475,502,475,1,1
476,502,476,1,1
477,503,477,1,1
478,503,478,1,1
479,503,479,1,0
480,503,480,1,0
481,504,481,0,0
482,504,482,0,1
483,504,483,0,0
484,504,484,0,1
485,505,485,0,0
486,505,486,0,1
487,505,487,0,1
488,505,488,0,0
489,506,489,0,1
490,506,490,0,0
491,506,491,0,1
492,506,492,0,0
493,507,493,0,0
494,507,494,0,1
495,508,495,0,1
496,508,496,0,0
497,508,497,0,0
498,507,498,0,1
499,507,499,0,0
500,508,500,0,1
501,509,501,0,1
502,509,502,0,0
503,509,503,0,1
504,509,504,0,0
505,510,505,0,1
506,510,506,0,0
507,510,507,0,1
508,510,508,0,0
509,511,509,0,0
510,511,510,0,0
511,511,511,0,1
512,511,512,0,1
513,512,513,0,0
514,512,514,0,0
515,512,515,0,1
516,512,516,0,1
517,513,517,0,0
518,513,518,0,1
519,513,519,0,1
520,513,520,0,0
521,514,521,0,0
522,514,522,0,0
523,515,523,0,0
524,515,524,0,1
525,515,525,0,1
526,515,526,0,0
527,516,527,0,0
528,516,528,0,1
529,516,529,0,1
530,516,530,0,0
531,517,531,0,0
532,517,532,0,0
533,517,533,0,1
534,517,534,0,1
535,518,535,0,0
536,518,536,0,0
537,519,537,0,0
538,519,538,0,0
539,518,539,0,1
540,518,540,0,1
541,520,541,0,1
542,520,542,0,0
543,520,543,0,0
544,520,544,0,1
545,193,545,0,1
546,7,546,0,1
547,193,547,0,1
548,235,548,0,1
549,108,549,0,0
550,133,550,0,1
551,153,551,0,1
552,7,552,0,0
553,277,553,0,1
554,277,554,0,0
555,153,555,0,0
556,235,556,0,0
557,277,557,0,1
558,133,558,0,0
559,153,559,0,1
560,7,560,0,1
561,108,561,0,0
562,153,562,0,0
563,133,563,0,1
564,235,564,0,1
565,108,565,0,1
566,7,566,0,0
567,193,567,0,0
568,108,568,0,1
569,193,569,0,0
570,133,570,0,0
571,235,571,0,0
572,277,572,0,0
573,298,573,0,1
574,298,574,0,0
575,298,575,0,1
576,298,576,0,0
577,521,577,1,1
578,521,578,1,0
579,521,579,0,0
580,521,580,0,1
581,299,581,0,0
582,299,582,0,1
583,299,583,1,1
584,299,584,0,0
585,300,585,0,0
586,300,586,0,0
587,300,587,0,1
588,300,588,0,1
589,523,589,0,1
590,523,590,0,1
591,523,591,0,0
592,523,592,0,0
593,524,593,1,1
594,524,594,0,0
595,524,595,0,1
596,524,596,1,0
597,525,597,0,0
598,525,598,0,1
599,525,599,0,1
600,525,600,0,0
601,301,601,1,0
602,301,602,0,1
603,301,603,0,0
604,301,604,0,1
605,526,605,0,0
606,526,606,0,1
607,526,607,0,0
608,526,608,0,1
609,527,609,0,1
610,527,610,0,1
611,527,611,0,0
612,527,612,0,0
613,528,613,0,1
614,528,614,0,1
615,528,615,0,0
616,528,616,0,0
617,529,617,0,0
618,529,618,0,0
619,529,619,0,1
620,529,620,0,1
621,530,621,0,1
622,530,622,0,0
623,530,623,0,1
624,530,624,0,0
625,531,625,0,0
626,531,626,0,0
627,531,627,0,1
628,531,628,0,1
629,532,629,0,1
630,532,630,0,0
631,532,631,0,1
632,532,632,0,0
633,533,633,0,1
634,533,634,0,0
635,533,635,0,1
636,533,636,0,0
637,534,637,0,0
638,534,638,0,1
639,534,639,0,1
640,534,640,0,0
641,535,641,0,1
642,535,642,0,0
643,535,643,0,0
644,535,644,0,1
645,536,645,0,0
646,536,646,0,1
647,536,647,0,1
648,536,648,0,0
649,538,649,0,0
650,537,650,0,1
651,537,651,0,0
652,538,652,0,0
653,537,653,0,0
654,537,654,0,1
655,539,655,0,0
656,539,656,0,1
657,539,657,0,0
658,539,658,0,1
659,540,659,0,1
660,540,660,0,0
661,540,661,0,0
662,540,662,0,1
663,541,663,0,0
664,541,664,0,1
665,541,665,0,1
666,541,666,0,0
667,542,667,0,0
668,542,668,0,1
669,542,669,0,1
670,542,670,0,0
671,543,671,0,1
672,543,672,0,0
673,543,673,0,0
674,543,674,0,1
675,544,675,0,1
676,544,676,0,1
677,544,677,0,0
678,544,678,0,0
679,545,679,0,0
680,545,680,0,1
681,545,681,0,1
682,545,682,0,0
683,546,683,0,1
684,546,684,0,1
685,546,685,0,0
686,546,686,0,0
687,547,687,0,0
688,547,688,0,0
689,548,689,0,1
690,548,690,0,1
691,549,691,0,0
692,549,692,0,0
693,549,693,0,1
694,549,694,0,1
695,48,695,0,0
696,236,696,0,0
697,134,697,0,1
698,48,698,0,1
699,109,699,0,1
700,236,700,0,1
701,195,701,0,1
702,134,702,0,0
703,211,703,0,1
704,195,704,0,0
705,195,705,0,1
706,109,706,0,0
707,80,707,0,1
708,211,708,0,0
709,48,709,0,0
710,80,710,0,0
711,236,711,0,0
712,134,712,0,1
713,80,713,0,1
714,154,714,0,0
715,236,715,0,1
716,109,716,0,1
717,154,717,0,0
718,211,718,0,1
719,154,719,0,1
720,134,720,0,0
721,80,721,0,0
722,211,722,0,0
723,195,723,0,0
724,154,724,0,1
725,48,725,0,1
726,109,726,0,0
727,550,727,0,1
728,550,728,0,1
729,550,729,0,0
730,550,730,0,0
731,551,731,0,1
732,551,732,0,1
733,551,733,0,0
734,551,734,0,0
735,552,735,1,0
736,552,736,1,0
737,552,737,0,1
738,552,738,0,1
739,302,739,0,1
740,302,740,0,1
741,302,741,0,0
742,302,742,0,0
743,553,743,0,0
744,553,744,0,0
745,553,745,0,1
746,553,746,0,1
747,554,747,0,0
748,554,748,0,0
749,555,749,0,0
750,555,750,0,1
751,555,751,0,0
752,555,752,0,1
753,556,753,0,0
754,556,754,0,1
755,556,755,0,0
756,556,756,0,1
757,557,757,1,1
758,557,758,0,1
759,557,759,1,0
760,557,760,0,0
761,558,761,0,0
762,558,762,0,1
763,558,763,0,1
764,558,764,0,0
765,559,765,1,0
766,559,766,1,1
767,559,767,0,0
768,559,768,0,1
769,560,769,0,0
770,560,770,0,1
771,560,771,0,1
772,560,772,0,0
773,561,773,0,1
774,561,774,0,1
775,562,775,0,1
776,562,776,0,1
777,563,777,0,0
778,563,778,0,1
779,563,779,0,0
780,563,780,0,1
781,564,781,0,0
782,564,782,0,0
783,565,783,0,1
784,565,784,0,1
785,565,785,0,0
786,565,786,0,0
787,566,787,0,1
788,566,788,0,0
789,566,789,0,0
790,566,790,0,1
791,567,791,0,1
792,567,792,0,1
793,567,793,0,0
794,567,794,0,0
795,568,795,0,1
796,568,796,0,1
797,569,797,0,0
798,569,798,0,1
799,569,799,0,1
800,569,800,0,0
801,570,801,0,1
802,570,802,0,0
803,570,803,0,1
804,570,804,0,0
805,571,805,0,0
806,571,806,0,0
807,571,807,1,1
808,571,808,0,1
809,572,809,0,1
810,572,810,0,1
811,572,811,0,0
812,572,812,0,0
813,573,813,0,0
814,573,814,0,1
815,573,815,0,1
816,573,816,0,0
817,574,817,0,0
818,574,818,0,0
819,574,819,0,1
820,574,820,0,1
821,575,821,1,1
822,575,822,0,0
823,575,823,0,0
824,575,824,0,1
825,576,825,0,0
826,576,826,0,1
827,576,827,0,1
828,576,828,0,0
829,135,829,0,0
830,81,830,0,1
831,212,831,0,1
832,155,832,0,0
833,110,833,0,0
834,135,834,0,1
835,110,835,0,1
836,155,836,0,1
837,212,837,0,0
838,81,838,0,0
839,212,839,0,0
840,237,840,0,1
841,155,841,0,1
842,49,842,0,0
843,49,843,0,0
844,155,844,0,0
845,196,845,0,0
846,81,846,0,1
847,110,847,0,1
848,135,848,0,1
849,212,849,0,1
850,196,850,0,0
851,237,851,0,0
852,196,852,0,1
853,81,853,0,0
854,49,854,0,1
855,237,855,0,1
856,237,856,0,0
857,110,857,0,0
858,135,858,0,0
859,49,859,0,1
860,196,860,0,1
861,577,861,0,1
862,577,862,0,0
863,577,863,0,0
864,577,864,0,1
865,578,865,0,1
866,578,866,0,0
867,578,867,0,0
868,578,868,0,1
869,579,869,0,0
870,579,870,0,1
871,579,871,0,1
872,579,872,0,0
873,580,873,0,0
874,580,874,0,1
875,580,875,0,1
876,580,876,0,0
877,581,877,0,1
878,581,878,0,1
879,581,879,0,0
880,581,880,0,0
881,303,881,0,0
882,303,882,0,1
883,303,883,0,0
884,303,884,0,1
885,582,885,0,0
886,582,886,1,0
887,582,887,1,1
888,582,888,0,1
889,583,889,1,1
890,583,890,0,1
891,584,891,0,0
892,584,892,0,1
893,584,893,0,1
894,584,894,0,0
895,585,895,0,0
896,585,896,0,1
897,585,897,0,0
898,585,898,1,1
899,586,899,0,0
900,586,900,0,0
901,586,901,0,1
902,586,902,0,1
903,587,903,0,0
904,587,904,0,1
905,587,905,0,1
906,587,906,0,0
907,588,907,0,0
908,588,908,0,1
909,588,909,0,0
910,588,910,1,1
911,589,911,1,0
912,589,912,0,1
913,589,913,0,1
914,589,914,0,0
915,590,915,0,0
916,590,916,0,1
917,590,917,0,0
918,590,918,0,1
919,591,919,0,1
920,591,920,0,0
921,591,921,0,0
922,591,922,0,1
923,592,923,0,0
924,592,924,0,0
925,592,925,1,1
926,592,926,1,1
927,593,927,0,0
928,593,928,0,1
929,593,929,0,0
930,593,930,0,1
931,594,931,0,1
932,594,932,0,1
933,594,933,0,0
934,594,934,0,0
935,595,935,0,0
936,595,936,0,1
937,595,937,0,1
938,595,938,0,0
939,596,939,0,0
940,596,940,0,0
941,596,941,0,1
942,596,942,0,1
943,597,943,0,0
944,597,944,0,1
945,597,945,0,0
946,597,946,0,1
947,598,947,0,1
948,598,948,0,0
949,598,949,0,0
950,598,950,0,1
951,599,951,0,1
952,599,952,0,0
953,599,953,1,1
954,599,954,0,0
955,600,955,0,1
956,600,956,0,1
957,601,957,0,1
958,601,958,0,0
959,601,959,0,0
960,601,960,0,1
961,602,961,0,1
962,602,962,0,0
963,602,963,0,0
964,602,964,0,1
965,603,965,0,1
966,603,966,0,1
967,603,967,0,0
968,603,968,0,0
969,604,969,0,1
970,604,970,0,0
971,604,971,0,0
972,604,972,0,1
973,605,973,0,0
974,605,974,0,0
975,605,975,0,1
976,605,976,0,1
977,606,977,1,0
978,606,978,0,0
979,606,979,0,1
980,606,980,0,1
981,607,981,0,1
982,607,982,0,0
983,607,983,0,1
984,607,984,0,0
985,608,985,0,0
986,608,986,0,0
987,608,987,0,1
988,608,988,1,1
989,609,989,1,0
990,609,990,0,0
991,610,991,0,0
992,610,992,0,1
993,610,993,0,1
994,610,994,0,0
995,611,995,0,0
996,611,996,0,1
997,611,997,0,0
998,611,998,0,1
999,213,999,0,0
1000,156,1000,0,1
1001,197,1001,0,0
1002,21,1002,0,1
1003,136,1003,0,0
1004,156,1004,0,1
1005,111,1005,0,1
1006,197,1006,0,1
1007,213,1007,0,0
1008,136,1008,0,0
1009,213,1009,1,1
1010,238,1010,0,0
1011,21,1011,0,1
1012,82,1012,0,0
1013,156,1013,0,0
1014,111,1014,0,1
1015,50,1015,0,0
1016,136,1016,0,1
1017,50,1017,0,1
1018,21,1018,0,0
1019,278,1019,0,0
1020,82,1020,0,1
1021,238,1021,0,1
1022,82,1022,0,0
1023,111,1023,0,0
1024,156,1024,0,0
1025,50,1025,0,1
1026,238,1026,0,0
1027,136,1027,0,1
1028,21,1028,0,0
1029,50,1029,0,0
1030,82,1030,0,1
1031,278,1031,0,1
1032,238,1032,0,1
1033,278,1033,0,1
1034,197,1034,0,1
1035,111,1035,0,0
1036,278,1036,0,0
1037,197,1037,0,0
1038,213,1038,0,1
1039,612,1039,0,1
1040,612,1040,0,0
1041,612,1041,0,1
1042,612,1042,0,0
1043,613,1043,0,1
1044,613,1044,0,0
1045,613,1045,0,0
1046,613,1046,0,1
1047,304,1047,0,0
1048,304,1048,0,1
1049,304,1049,1,1
1050,304,1050,0,0
1051,614,1051,0,0
1052,614,1052,0,0
1053,614,1053,0,1
1054,614,1054,0,1
1055,615,1055,0,0
1056,615,1056,0,0
1057,615,1057,0,1
1058,615,1058,0,1
1059,616,1059,0,0
1060,616,1060,0,1
1061,616,1061,0,0
1062,616,1062,0,1
1063,617,1063,0,0
1064,617,1064,0,1
1065,617,1065,0,0
1066,617,1066,0,1
1067,618,1067,0,0
1068,618,1068,0,1
1069,618,1069,0,0
1070,618,1070,0,1
1071,619,1071,0,1
1072,619,1072,0,1
1073,619,1073,0,0
1074,619,1074,0,0
1075,620,1075,0,1
1076,620,1076,0,0
1077,620,1077,0,0
1078,620,1078,0,1
1079,621,1079,0,1
1080,621,1080,1,1
1081,621,1081,0,0
1082,621,1082,0,0
1083,622,1083,0,1
1084,622,1084,0,0
1085,622,1085,0,1
1086,622,1086,0,0
1087,623,1087,0,0
1088,623,1088,0,1
1089,623,1089,0,0
1090,623,1090,0,1
1091,624,1091,0,1
1092,624,1092,0,1
1093,624,1093,0,0
1094,624,1094,0,0
1095,625,1095,0,1
1096,625,1096,0,0
1097,625,1097,0,1
1098,625,1098,0,0
1099,626,1099,0,1
1100,626,1100,0,0
1101,626,1101,0,0
1102,626,1102,0,1
1103,627,1103,0,0
1104,627,1104,0,1
1105,627,1105,0,0
1106,627,1106,0,1
1107,628,1107,0,1
1108,628,1108,0,1
1109,629,1109,0,1
1110,629,1110,0,0
1111,629,1111,0,0
1112,629,1112,0,1
1113,630,1113,1,0
1114,630,1114,0,0
1115,631,1115,0,0
1116,631,1116,0,1
1117,631,1117,0,1
1118,631,1118,0,0
1119,632,1119,0,1
1120,632,1120,0,0
1121,632,1121,0,0
1122,632,1122,0,1
1123,633,1123,0,0
1124,633,1124,0,1
1125,633,1125,0,1
1126,633,1126,0,0
1127,634,1127,0,0
1128,634,1128,0,0
1129,634,1129,0,1
1130,634,1130,0,1
1131,635,1131,0,0
1132,635,1132,0,0
1133,635,1133,0,1
1134,635,1134,0,1
1135,137,1135,0,1
1136,137,1136,0,0
1137,215,1137,0,1
1138,112,1138,0,1
1139,157,1139,0,0
1140,239,1140,0,1
1141,157,1141,0,1
1142,239,1142,0,0
1143,215,1143,0,1
1144,157,1144,0,0
1145,198,1145,0,0
1146,198,1146,0,1
1147,112,1147,0,0
1148,198,1148,0,0
1149,198,1149,0,1
1150,137,1150,0,0
1151,215,1151,0,0
1152,157,1152,0,1
1153,137,1153,0,1
1154,112,1154,0,1
1155,239,1155,0,0
1156,215,1156,0,0
1157,239,1157,0,1
1158,112,1158,0,0
1159,637,1159,0,0
1160,637,1160,0,1
1161,637,1161,0,1
1162,637,1162,0,0
1163,638,1163,0,0
1164,638,1164,1,1
1165,638,1165,1,0
1166,638,1166,1,1
1167,639,1167,0,0
1168,639,1168,0,0
1169,639,1169,0,1
1170,639,1170,0,1
1171,640,1171,0,1
1172,640,1172,1,1
1173,640,1173,0,0
1174,640,1174,0,0
1175,641,1175,0,0
1176,641,1176,0,0
1177,641,1177,0,1
1178,641,1178,0,1
1179,642,1179,0,1
1180,642,1180,0,0
1181,642,1181,0,0
1182,642,1182,0,1
1183,643,1183,0,0
1184,643,1184,0,1
1185,643,1185,0,0
1186,643,1186,0,1
1187,305,1187,1,0
1188,305,1188,0,0
1189,305,1189,0,1
1190,305,1190,0,1
1191,644,1191,0,1
1192,644,1192,0,0
1193,644,1193,0,0
1194,644,1194,0,1
1195,645,1195,0,1
1196,645,1196,0,0
1197,645,1197,0,1
1198,645,1198,0,0
1199,646,1199,0,0
1200,646,1200,0,1
1201,646,1201,0,0
1202,646,1202,0,1
1203,647,1203,0,1
1204,647,1204,0,0
1205,647,1205,0,1
1206,647,1206,0,0
1207,648,1207,0,0
1208,648,1208,0,0
1209,648,1209,0,1
1210,648,1210,0,1
1211,649,1211,0,0
1212,649,1212,1,1
1213,649,1213,1,0
1214,649,1214,1,1
1215,650,1215,0,0
1216,650,1216,0,1
1217,650,1217,0,0
1218,650,1218,0,1
1219,651,1219,0,1
1220,651,1220,0,0
1221,651,1221,0,1
1222,651,1222,0,0
1223,652,1223,0,1
1224,652,1224,0,0
1225,652,1225,0,1
1226,652,1226,0,0
1227,653,1227,0,1
1228,653,1228,0,1
1229,653,1229,0,0
1230,653,1230,0,0
1231,654,1231,0,1
1232,654,1232,0,1
1233,654,1233,0,0
1234,654,1234,0,0
1235,655,1235,0,0
1236,655,1236,0,1
1237,655,1237,0,0
1238,655,1238,0,1
1239,656,1239,0,1
1240,656,1240,0,1
1241,658,1241,0,1
1242,658,1242,0,0
1243,658,1243,0,0
1244,658,1244,0,1
1245,659,1245,0,1
1246,659,1246,0,1
1247,659,1247,0,0
1248,659,1248,0,0
1249,240,1249,0,1
1250,216,1250,0,1
1251,279,1251,0,1
1252,113,1252,0,0
1253,52,1253,0,0
1254,216,1254,1,0
1255,240,1255,0,0
1256,279,1256,0,0
1257,199,1257,0,0
1258,138,1258,0,0
1259,199,1259,0,1
1260,240,1260,0,0
1261,52,1261,0,1
1262,138,1262,0,1
1263,216,1263,1,1
1264,279,1264,0,1
1265,138,1265,0,1
1266,113,1266,0,0
1267,199,1267,0,0
1268,279,1268,0,0
1269,113,1269,0,1
1270,52,1270,0,0
1271,113,1271,0,1
1272,216,1272,0,0
1273,52,1273,0,1
1274,138,1274,0,0
1275,199,1275,0,1
1276,240,1276,0,1
1277,660,1277,0,0
1278,660,1278,0,1
1279,660,1279,1,1
1280,660,1280,0,0
1281,661,1281,0,0
1282,661,1282,0,1
1283,661,1283,0,0
1284,661,1284,1,1
1285,662,1285,0,0
1286,662,1286,0,0
1287,662,1287,0,1
1288,662,1288,0,1
1289,663,1289,0,1
1290,663,1290,0,0
1291,663,1291,0,1
1292,663,1292,0,0
1293,664,1293,0,1
1294,664,1294,0,1
1295,664,1295,0,0
1296,664,1296,0,0
1297,665,1297,0,0
1298,665,1298,0,1
1299,665,1299,0,0
1300,665,1300,0,1
1301,666,1301,1,1
1302,666,1302,0,0
1303,666,1303,0,1
1304,666,1304,0,0
1305,667,1305,0,1
1306,667,1306,0,1
1307,667,1307,0,0
1308,667,1308,0,0
1309,306,1309,1,0
1310,306,1310,1,1
1311,306,1311,1,0
1312,306,1312,1,1
1313,668,1313,0,1
1314,668,1314,0,0
1315,668,1315,0,0
1316,668,1316,0,1
1317,669,1317,0,1
1318,669,1318,0,0
1319,669,1319,0,0
1320,669,1320,0,1
1321,670,1321,0,0
1322,670,1322,0,0
1323,671,1323,0,0
1324,671,1324,0,0
1325,671,1325,0,1
1326,671,1326,0,1
1327,672,1327,0,1
1328,672,1328,0,1
1329,672,1329,0,0
1330,672,1330,0,0
1331,673,1331,1,1
1332,673,1332,1,1
1333,673,1333,1,0
1334,673,1334,1,0
1335,674,1335,0,0
1336,674,1336,0,1
1337,674,1337,0,0
1338,674,1338,0,1
1339,675,1339,0,0
1340,675,1340,0,1
1341,675,1341,0,0
1342,675,1342,0,1
1343,676,1343,0,0
1344,676,1344,0,0
1345,676,1345,0,1
1346,676,1346,0,1
1347,677,1347,0,1
1348,677,1348,0,1
1349,677,1349,0,0
1350,677,1350,0,0
1351,678,1351,0,0
1352,678,1352,0,1
1353,678,1353,0,0
1354,678,1354,0,1
1355,679,1355,0,1
1356,679,1356,0,1
1357,679,1357,0,0
1358,679,1358,0,0
1359,680,1359,0,0
1360,680,1360,0,1
1361,680,1361,0,1
1362,680,1362,0,0
1363,681,1363,0,0
1364,681,1364,0,1
1365,681,1365,0,0
1366,681,1366,0,1
1367,682,1367,0,0
1368,682,1368,0,1
1369,682,1369,0,1
1370,682,1370,0,0
1371,683,1371,1,0
1372,683,1372,0,0
1373,683,1373,0,1
1374,683,1374,0,1
1375,83,1375,0,0
1376,280,1376,0,0
1377,200,1377,0,1
1378,83,1378,0,1
1379,22,1379,0,0
1380,139,1380,0,1
1381,115,1381,0,0
1382,22,1382,0,1
1383,115,1383,0,1
1384,200,1384,0,1
1385,139,1385,0,1
1386,53,1386,0,1
1387,139,1387,0,0
1388,159,1388,0,1
1389,22,1389,0,0
1390,53,1390,0,0
1391,139,1391,0,0
1392,159,1392,0,0
1393,159,1393,0,0
1394,53,1394,0,1
1395,53,1395,0,0
1396,22,1396,0,1
1397,280,1397,0,1
1398,280,1398,0,0
1399,159,1399,0,1
1400,280,1400,0,1
1401,200,1401,0,0
1402,83,1402,0,0
1403,200,1403,0,0
1404,115,1404,0,0
1405,83,1405,0,1
1406,115,1406,0,1
1407,684,1407,1,1
1408,684,1408,1,0
1409,684,1409,1,1
1410,684,1410,1,0
1411,685,1411,1,1
1412,685,1412,0,0
1413,685,1413,0,0
1414,685,1414,0,1
1415,686,1415,0,1
1416,686,1416,0,1
1417,686,1417,0,0
1418,686,1418,0,0
1419,687,1419,0,1
1420,687,1420,0,0
1421,687,1421,0,0
1422,687,1422,0,1
1423,688,1423,0,0
1424,688,1424,0,0
1425,688,1425,0,1
1426,688,1426,0,1
1427,689,1427,0,0
1428,689,1428,0,0
1429,689,1429,0,1
1430,689,1430,0,1
1431,690,1431,1,0
1432,690,1432,0,1
1433,690,1433,0,1
1434,690,1434,0,0
1435,691,1435,1,0
1436,691,1436,1,1
1437,691,1437,0,0
1438,691,1438,0,1
1439,692,1439,0,0
1440,692,1440,0,1
1441,692,1441,0,1
1442,692,1442,0,0
1443,693,1443,1,1
1444,693,1444,0,0
1445,693,1445,1,0
1446,693,1446,0,1
1447,307,1447,1,0
1448,307,1448,1,0
1449,694,1449,0,0
1450,694,1450,0,1
1451,694,1451,0,0
1452,694,1452,0,1
1453,695,1453,0,0
1454,695,1454,0,0
1455,695,1455,0,1
1456,695,1456,0,1
1457,696,1457,0,1
1458,696,1458,0,0
1459,696,1459,0,0
1460,696,1460,0,1
1461,697,1461,0,0
1462,697,1462,0,1
1463,697,1463,0,0
1464,697,1464,0,1
1465,698,1465,0,1
1466,698,1466,0,0
1467,698,1467,0,0
1468,698,1468,0,1
1469,699,1469,0,1
1470,699,1470,0,0
1471,699,1471,0,1
1472,699,1472,0,0
1473,700,1473,0,1
1474,700,1474,0,0
1475,700,1475,0,0
1476,700,1476,0,1
1477,701,1477,0,0
1478,701,1478,0,0
1479,702,1479,0,0
1480,702,1480,0,0
1481,702,1481,0,1
1482,702,1482,0,1
1483,703,1483,0,0
1484,703,1484,0,1
1485,703,1485,0,1
1486,703,1486,0,0
1487,704,1487,0,1
1488,704,1488,0,1
1489,704,1489,0,0
1490,704,1490,0,0
1491,705,1491,0,0
1492,705,1492,0,1
1493,705,1493,0,0
1494,705,1494,0,1
1495,706,1495,1,1
1496,706,1496,0,0
1497,706,1497,0,1
1498,706,1498,1,0
1499,707,1499,0,1
1500,707,1500,0,0
1501,707,1501,0,1
1502,707,1502,0,0
1503,708,1503,0,0
1504,708,1504,0,0
1505,709,1505,0,1
1506,709,1506,0,0
1507,709,1507,0,1
1508,709,1508,0,0
1509,710,1509,0,0
1510,710,1510,0,1
1511,710,1511,0,0
1512,710,1512,0,1
1513,711,1513,0,1
1514,711,1514,0,1
1515,711,1515,0,0
1516,711,1516,0,0
1517,116,1517,0,0
1518,140,1518,0,0
1519,84,1519,0,1
1520,308,1520,1,0
1521,217,1521,0,1
1522,140,1522,0,0
1523,217,1523,0,0
1524,308,1524,1,1
1525,116,1525,0,1
1526,160,1526,0,1
1527,54,1527,0,1
1528,160,1528,0,0
1529,308,1529,1,0
1530,160,1530,0,0
1531,54,1531,0,0
1532,140,1532,0,1
1533,308,1533,1,1
1534,84,1534,0,0
1535,217,1535,0,1
1536,54,1536,0,0
1537,84,1537,0,1
1538,84,1538,0,0
1539,140,1539,0,1
1540,160,1540,0,1
1541,116,1541,0,0
1542,54,1542,0,1
1543,217,1543,0,0
1544,116,1544,0,1
1545,712,1545,0,0
1546,712,1546,0,1
1547,712,1547,0,0
1548,712,1548,1,1
1549,713,1549,0,1
1550,713,1550,0,1
1551,713,1551,0,0
1552,713,1552,0,0
1553,714,1553,0,1
1554,714,1554,0,1
1555,714,1555,0,0
1556,714,1556,0,0
1557,715,1557,0,0
1558,715,1558,0,0
1559,715,1559,1,1
1560,715,1560,0,1
1561,716,1561,0,0
1562,716,1562,1,1
1563,716,1563,0,0
1564,716,1564,1,1
1565,717,1565,0,0
1566,717,1566,1,0
1567,717,1567,1,1
1568,717,1568,0,1
1569,718,1569,0,0
1570,718,1570,0,0
1571,718,1571,0,1
1572,718,1572,0,1
1573,719,1573,0,0
1574,719,1574,1,1
1575,719,1575,0,0
1576,719,1576,0,1
1577,720,1577,1,0
1578,720,1578,0,0
1579,720,1579,0,1
1580,720,1580,0,1
1581,309,1581,1,1
1582,309,1582,1,0
1583,309,1583,1,0
1584,309,1584,1,1
1585,721,1585,0,0
1586,721,1586,0,1
1587,721,1587,0,1
1588,721,1588,0,0
1589,722,1589,0,1
1590,722,1590,1,1
1591,722,1591,0,0
1592,722,1592,0,0
1593,723,1593,0,1
1594,723,1594,0,0
1595,723,1595,0,1
1596,723,1596,0,0
1597,724,1597,0,0
1598,724,1598,0,0
1599,724,1599,0,1
1600,724,1600,0,1
1601,725,1601,0,1
1602,725,1602,0,1
1603,725,1603,0,0
1604,725,1604,0,0
1605,726,1605,0,0
1606,726,1606,0,1
1607,726,1607,0,0
1608,726,1608,0,1
1609,727,1609,0,0
1610,727,1610,0,1
1611,727,1611,0,0
1612,727,1612,0,1
1613,728,1613,0,0
1614,728,1614,0,0
1615,728,1615,0,1
1616,728,1616,0,1
1617,729,1617,0,0
1618,729,1618,0,1
1619,729,1619,0,0
1620,729,1620,0,1
1621,730,1621,0,1
1622,730,1622,0,1
1623,730,1623,0,0
1624,730,1624,0,0
1625,731,1625,0,0
1626,731,1626,0,0
1627,731,1627,0,1
1628,731,1628,0,1
1629,732,1629,0,0
1630,732,1630,0,1
1631,732,1631,0,1
1632,732,1632,0,0
1633,733,1633,0,0
1634,733,1634,0,0
1635,733,1635,0,1
1636,733,1636,0,1
1637,734,1637,0,0
1638,734,1638,0,1
1639,734,1639,0,1
1640,734,1640,0,0
1641,735,1641,0,0
1642,735,1642,0,0
1643,736,1643,0,0
1644,736,1644,0,1
1645,736,1645,0,0
1646,736,1646,0,1
1647,737,1647,0,0
1648,737,1648,0,0
1649,737,1649,0,1
1650,737,1650,0,1
1651,738,1651,0,1
1652,738,1652,0,1
1653,738,1653,0,0
1654,738,1654,0,0
1655,51,1655,0,1
1656,242,1656,0,0
1657,85,1657,0,1
1658,141,1658,0,1
1659,242,1659,0,0
1660,55,1660,0,1
1661,23,1661,0,0
1662,141,1662,0,0
1663,117,1663,0,0
1664,51,1664,0,0
1665,55,1665,0,1
1666,23,1666,0,0
1667,85,1667,0,1
1668,117,1668,0,0
1669,141,1669,0,1
1670,85,1670,0,0
1671,23,1671,0,1
1672,242,1672,0,1
1673,55,1673,0,0
1674,141,1674,0,0
1675,51,1675,0,1
1676,117,1676,0,1
1677,55,1677,0,0
1678,85,1678,0,0
1679,51,1679,0,0
1680,242,1680,0,1
1681,23,1681,0,1
1682,117,1682,0,1
1683,739,1683,0,0
1684,739,1684,0,1
1685,739,1685,0,1
1686,739,1686,0,0
1687,740,1687,1,0
1688,740,1688,0,1
1689,740,1689,0,1
1690,740,1690,0,0
1691,741,1691,0,1
1692,741,1692,0,0
1693,741,1693,0,0
1694,741,1694,0,1
1695,742,1695,1,1
1696,742,1696,1,1
1697,742,1697,1,0
1698,742,1698,0,0
1699,743,1699,0,0
1700,743,1700,0,0
1701,743,1701,0,1
1702,743,1702,1,1
1703,744,1703,0,0
1704,744,1704,0,1
1705,744,1705,0,0
1706,744,1706,0,1
1707,745,1707,0,0
1708,745,1708,0,0
1709,745,1709,0,1
1710,745,1710,0,1
1711,746,1711,0,0
1712,746,1712,1,1
1713,746,1713,1,0
1714,746,1714,0,1
1715,747,1715,0,1
1716,747,1716,1,0
1717,747,1717,0,0
1718,747,1718,1,1
1719,310,1719,0,1
1720,310,1720,0,1
1721,310,1721,0,0
1722,310,1722,0,0
1723,748,1723,0,1
1724,748,1724,0,0
1725,748,1725,0,0
1726,748,1726,0,1
1727,750,1727,0,1
1728,749,1728,0,0
1729,750,1729,0,1
1730,749,1730,0,1
1731,749,1731,0,0
1732,749,1732,0,1
1733,751,1733,0,0
1734,751,1734,0,1
1735,751,1735,0,0
1736,751,1736,0,1
1737,752,1737,0,1
1738,752,1738,1,1
1739,752,1739,0,0
1740,752,1740,0,0
1741,753,1741,1,1
1742,753,1742,0,1
1743,753,1743,0,0
1744,753,1744,1,0
1745,754,1745,0,0
1746,754,1746,0,0
1747,755,1747,0,1
1748,755,1748,0,1
1749,756,1749,0,0
1750,756,1750,0,0
1751,756,1751,0,1
1752,756,1752,0,1
1753,757,1753,0,1
1754,758,1754,0,0
1755,757,1755,0,1
1756,758,1756,0,0
1757,759,1757,0,0
1758,759,1758,0,0
1759,760,1759,0,0
1760,760,1760,0,0
1761,760,1761,0,1
1762,760,1762,0,1
1763,761,1763,0,0
1764,762,1764,0,0
1765,761,1765,0,1
1766,761,1766,0,1
1767,761,1767,0,0
1768,762,1768,0,0
1769,763,1769,0,0
1770,763,1770,0,0
1771,763,1771,0,1
1772,763,1772,0,1
1773,765,1773,0,0
1774,764,1774,0,0
1775,764,1775,0,0
1776,764,1776,0,1
1777,765,1777,0,0
1778,764,1778,0,1
1779,767,1779,0,0
1780,766,1780,0,1
1781,766,1781,0,1
1782,767,1782,0,0
1783,766,1783,0,0
1784,766,1784,0,0
1785,768,1785,0,1
1786,768,1786,0,1
1787,768,1787,0,0
1788,768,1788,0,0
1789,769,1789,0,0
1790,769,1790,0,1
1791,769,1791,0,1
1792,769,1792,0,0
1793,771,1793,0,1
1794,771,1794,0,0
1795,771,1795,0,0
1796,772,1796,0,0
1797,772,1797,0,1
1798,771,1798,0,1
1799,772,1799,0,1
1800,772,1800,0,0
1801,773,1801,0,1
1802,773,1802,0,1
1803,775,1803,0,0
1804,775,1804,0,0
1805,774,1805,0,1
1806,774,1806,0,1
1807,777,1807,0,0
1808,777,1808,0,0
1809,776,1809,0,1
1810,777,1810,0,1
1811,777,1811,0,1
1812,776,1812,0,0
1813,776,1813,0,0
1814,776,1814,0,1
1815,778,1815,1,1
1816,778,1816,1,1
1817,779,1817,0,0
1818,779,1818,0,0
1819,780,1819,0,1
1820,780,1820,0,1
1821,781,1821,0,0
1822,781,1822,0,0
1823,782,1823,0,0
1824,782,1824,0,0
1825,783,1825,0,0
1826,783,1826,0,0
1827,784,1827,0,0
1828,784,1828,0,0
1829,784,1829,0,1
1830,784,1830,0,1
1831,785,1831,0,1
1832,786,1832,0,1
1833,785,1833,0,0
1834,785,1834,0,1
1835,786,1835,0,1
1836,785,1836,0,0
1837,788,1837,0,1
1838,787,1838,0,1
1839,787,1839,0,0
1840,787,1840,0,0
1841,788,1841,0,1
1842,787,1842,0,1
1843,789,1843,0,0
1844,790,1844,0,0
1845,789,1845,0,1
1846,789,1846,1,1
1847,790,1847,0,0
1848,789,1848,0,0
1849,791,1849,0,0
1850,791,1850,0,0
1851,791,1851,0,1
1852,792,1852,0,0
1853,792,1853,0,0
1854,791,1854,0,1
1855,793,1855,0,0
1856,794,1856,0,0
1857,794,1857,0,0
1858,793,1858,0,1
1859,793,1859,0,1
1860,793,1860,0,0
1861,795,1861,0,1
1862,795,1862,0,1
1863,795,1863,0,0
1864,796,1864,0,1
1865,795,1865,0,0
1866,796,1866,0,1
1867,797,1867,0,1
1868,797,1868,0,1
1869,798,1869,0,1
1870,798,1870,0,0
1871,798,1871,0,0
1872,798,1872,0,1
1873,799,1873,0,0
1874,800,1874,0,1
1875,799,1875,0,1
1876,799,1876,0,0
1877,799,1877,0,1
1878,800,1878,0,1
1879,801,1879,0,1
1880,802,1880,0,1
1881,802,1881,0,0
1882,801,1882,0,1
1883,801,1883,0,0
1884,802,1884,0,0
1885,802,1885,0,1
1886,801,1886,0,0
1887,803,1887,0,0
1888,804,1888,1,0
1889,804,1889,0,1
1890,804,1890,0,0
1891,803,1891,1,1
1892,803,1892,0,0
1893,803,1893,1,1
1894,804,1894,0,1
1895,74,1895,0,1
1896,126,1896,0,0
1897,101,1897,0,1
1898,126,1898,0,1
1899,202,1899,0,1
1900,226,1900,0,1
1901,74,1901,0,1
1902,74,1902,0,0
1903,202,1903,0,0
1904,202,1904,0,0
1905,126,1905,0,0
1906,226,1906,0,0
1907,74,1907,0,0
1908,101,1908,0,1
1909,126,1909,0,1
1910,148,1910,0,0
1911,148,1911,0,1
1912,101,1912,1,0
1913,148,1913,0,1
1914,202,1914,0,1
1915,226,1915,0,1
1916,101,1916,1,0
1917,148,1917,0,0
1918,226,1918,0,0
1919,805,1919,0,1
1920,805,1920,0,0
1921,805,1921,0,0
1922,805,1922,0,1
1923,806,1923,0,1
1924,806,1924,0,0
1925,806,1925,0,0
1926,806,1926,0,1
1927,807,1927,0,0
1928,807,1928,0,1
1929,807,1929,0,1
1930,807,1930,0,0
1931,808,1931,0,1
1932,808,1932,0,0
1933,808,1933,0,1
1934,808,1934,0,0
1935,809,1935,1,1
1936,809,1936,1,0
1937,809,1937,0,1
1938,809,1938,1,0
1939,810,1939,0,1
1940,810,1940,0,1
1941,811,1941,0,0
1942,811,1942,0,0
1943,811,1943,0,1
1944,811,1944,0,1
1945,812,1945,0,1
1946,812,1946,0,1
1947,812,1947,0,0
1948,812,1948,0,0
1949,813,1949,0,0
1950,813,1950,0,0
1951,813,1951,1,1
1952,813,1952,1,1
1953,814,1953,0,0
1954,814,1954,0,1
1955,814,1955,0,0
1956,814,1956,0,1
1957,815,1957,0,1
1958,815,1958,0,0
1959,815,1959,0,1
1960,815,1960,0,0
1961,816,1961,1,1
1962,816,1962,0,1
1963,816,1963,0,0
1964,816,1964,0,0
1965,817,1965,0,0
1966,817,1966,0,0
1967,817,1967,0,1
1968,817,1968,0,1
1969,818,1969,0,1
1970,818,1970,1,0
1971,818,1971,0,1
1972,818,1972,0,0
1973,819,1973,0,1
1974,819,1974,0,0
1975,819,1975,0,0
1976,819,1976,0,1
1977,820,1977,0,0
1978,820,1978,1,0
1979,820,1979,0,1
1980,820,1980,0,1
1981,821,1981,0,1
1982,821,1982,0,1
1983,821,1983,0,0
1984,821,1984,0,0
1985,161,1985,0,1
1986,87,1986,1,1
1987,243,1987,0,1
1988,282,1988,0,1
1989,282,1989,0,0
1990,143,1990,0,0
1991,87,1991,0,0
1992,87,1992,0,0
1993,87,1993,0,1
1994,161,1994,0,1
1995,143,1995,0,0
1996,243,1996,0,0
1997,282,1997,0,1
1998,282,1998,0,0
1999,243,1999,0,0
2000,161,2000,0,0
2001,143,2001,0,1
2002,143,2002,0,1
2003,161,2003,0,0
2004,243,2004,0,1
2005,822,2005,0,0
2006,822,2006,0,1
2007,822,2007,0,1
2008,822,2008,0,0
2009,823,2009,1,0
2010,823,2010,1,1
2011,823,2011,1,0
2012,823,2012,0,1
2013,824,2013,0,0
2014,824,2014,1,1
2015,824,2015,0,1
2016,824,2016,0,0
2017,311,2017,0,1
2018,311,2018,0,0
2019,311,2019,0,0
2020,311,2020,0,1
2021,825,2021,0,1
2022,825,2022,0,0
2023,825,2023,0,0
2024,825,2024,0,1
2025,826,2025,0,0
2026,826,2026,0,1
2027,826,2027,1,0
2028,826,2028,0,1
2029,827,2029,0,0
2030,827,2030,0,1
2031,827,2031,0,0
2032,827,2032,0,1
2033,828,2033,0,0
2034,828,2034,0,1
2035,828,2035,0,0
2036,828,2036,0,1
2037,829,2037,0,0
2038,829,2038,0,1
2039,829,2039,0,1
2040,829,2040,0,0
2041,830,2041,0,1
2042,830,2042,0,0
2043,830,2043,0,0
2044,830,2044,0,1
2045,831,2045,0,1
2046,831,2046,0,0
2047,831,2047,0,0
2048,831,2048,0,1
2049,832,2049,0,1
2050,832,2050,0,1
2051,832,2051,0,0
2052,832,2052,0,0
2053,833,2053,0,0
2054,833,2054,0,0
2055,833,2055,0,1
2056,833,2056,0,1
2057,834,2057,0,1
2058,834,2058,0,1
2059,834,2059,0,0
2060,834,2060,0,0
2061,56,2061,0,1
2062,144,2062,0,0
2063,118,2063,0,0
2064,162,2064,0,0
2065,162,2065,0,0
2066,56,2066,0,1
2067,118,2067,0,1
2068,144,2068,0,0
2069,244,2069,0,1
2070,162,2070,0,1
2071,218,2071,0,0
2072,244,2072,0,0
2073,218,2073,0,0
2074,218,2074,0,1
2075,56,2075,0,0
2076,118,2076,0,0
2077,244,2077,0,1
2078,56,2078,0,0
2079,144,2079,0,1
2080,162,2080,0,1
2081,118,2081,0,1
2082,244,2082,0,0
2083,144,2083,0,1
2084,218,2084,0,1
2085,835,2085,0,1
2086,835,2086,0,0
2087,835,2087,0,0
2088,835,2088,0,1
2089,836,2089,0,0
2090,836,2090,0,1
2091,836,2091,0,1
2092,836,2092,0,0
2093,837,2093,1,0
2094,837,2094,1,1
2095,837,2095,0,1
2096,837,2096,0,0
2097,838,2097,1,0
2098,838,2098,1,1
2099,838,2099,1,0
2100,838,2100,1,1
2101,839,2101,0,0
2102,839,2102,0,0
2103,839,2103,0,1
2104,839,2104,0,1
2105,840,2105,0,0
2106,840,2106,0,1
2107,840,2107,1,0
2108,840,2108,0,1
2109,312,2109,1,0
2110,312,2110,0,0
2111,312,2111,1,1
2112,312,2112,0,1
2113,841,2113,0,1
2114,841,2114,0,1
2115,841,2115,0,0
2116,841,2116,0,0
2117,842,2117,0,0
2118,842,2118,0,1
2119,842,2119,0,0
2120,842,2120,0,1
2121,843,2121,0,1
2122,843,2122,0,0
2123,843,2123,0,1
2124,843,2124,0,0
2125,844,2125,0,1
2126,844,2126,0,0
2127,844,2127,0,1
2128,844,2128,0,0
2129,845,2129,0,1
2130,845,2130,0,0
2131,845,2131,0,1
2132,845,2132,0,0
2133,846,2133,0,0
2134,846,2134,0,1
2135,846,2135,0,1
2136,846,2136,0,0
2137,847,2137,0,1
2138,847,2138,0,1
2139,847,2139,0,0
2140,847,2140,0,0
2141,848,2141,0,1
2142,848,2142,0,0
2143,848,2143,0,0
2144,848,2144,0,1
2145,849,2145,0,0
2146,849,2146,0,1
2147,849,2147,0,0
2148,849,2148,0,1
2149,850,2149,0,1
2150,850,2150,0,0
2151,850,2151,0,1
2152,850,2152,0,0
2153,88,2153,0,0
2154,245,2154,0,1
2155,163,2155,0,0
2156,119,2156,0,1
2157,71,2157,0,0
2158,119,2158,0,0
2159,71,2159,0,0
2160,163,2160,0,1
2161,219,2161,0,1
2162,57,2162,0,1
2163,245,2163,0,0
2164,24,2164,0,1
2165,24,2165,1,0
2166,88,2166,0,0
2167,283,2167,0,1
2168,71,2168,0,1
2169,57,2169,0,0
2170,145,2170,0,1
2171,119,2171,0,1
2172,245,2172,0,1
2173,145,2173,0,0
2174,71,2174,0,1
2175,163,2175,0,1
2176,57,2176,0,0
2177,145,2177,0,0
2178,24,2178,0,1
2179,219,2179,0,0
2180,245,2180,0,0
2181,283,2181,0,0
2182,24,2182,0,0
2183,88,2183,0,1
2184,119,2184,0,0
2185,163,2185,0,0
2186,88,2186,0,1
2187,283,2187,0,0
2188,219,2188,0,1
2189,57,2189,0,1
2190,145,2190,0,1
2191,283,2191,0,1
2192,219,2192,0,0
2193,851,2193,0,0
2194,851,2194,1,1
2195,851,2195,1,0
2196,851,2196,0,1
2197,852,2197,0,0
2198,852,2198,0,1
2199,852,2199,0,1
2200,852,2200,0,0
2201,853,2201,0,0
2202,853,2202,1,1
2203,853,2203,0,0
2204,853,2204,1,1
2205,854,2205,1,1
2206,854,2206,0,0
2207,854,2207,0,1
2208,854,2208,1,0
2209,855,2209,0,1
2210,855,2210,0,0
2211,855,2211,1,1
2212,855,2212,0,0
2213,856,2213,0,0
2214,856,2214,0,1
2215,856,2215,0,1
2216,856,2216,0,0
2217,857,2217,0,1
2218,857,2218,0,0
2219,857,2219,0,1
2220,857,2220,0,0
2221,858,2221,0,1
2222,858,2222,1,1
2223,858,2223,1,0
2224,858,2224,0,0
2225,859,2225,0,1
2226,859,2226,0,0
2227,859,2227,0,0
2228,859,2228,1,1
2229,860,2229,1,1
2230,860,2230,0,0
2231,860,2231,0,1
2232,860,2232,0,0
2233,313,2233,0,0
2234,313,2234,1,1
2235,313,2235,0,1
2236,313,2236,0,0
2237,861,2237,0,1
2238,861,2238,0,0
2239,861,2239,0,0
2240,861,2240,0,1
2241,862,2241,0,0
2242,862,2242,0,1
2243,862,2243,0,0
2244,862,2244,0,1
2245,863,2245,0,0
2246,863,2246,0,1
2247,863,2247,0,1
2248,863,2248,0,0
2249,864,2249,0,0
2250,864,2250,0,1
2251,864,2251,0,0
2252,864,2252,0,1
2253,865,2253,0,1
2254,865,2254,0,0
2255,865,2255,0,1
2256,865,2256,1,0
2257,866,2257,0,1
2258,866,2258,0,1
2259,866,2259,0,0
2260,866,2260,0,0
2261,867,2261,0,1
2262,867,2262,0,0
2263,867,2263,0,1
2264,867,2264,0,0
2265,868,2265,0,0
2266,868,2266,0,0
2267,868,2267,0,1
2268,868,2268,0,1
2269,246,2269,0,1
2270,284,2270,0,1
2271,146,2271,0,0
2272,246,2272,0,1
2273,220,2273,0,0
2274,120,2274,0,1
2275,25,2275,0,1
2276,120,2276,0,0
2277,284,2277,0,0
2278,120,2278,0,0
2279,146,2279,0,1
2280,25,2280,0,0
2281,284,2281,0,0
2282,246,2282,0,0
2283,146,2283,0,0
2284,220,2284,0,0
2285,89,2285,0,1
2286,58,2286,0,0
2287,89,2287,0,0
2288,58,2288,0,0
2289,246,2289,0,0
2290,146,2290,0,1
2291,25,2291,0,0
2292,89,2292,0,0
2293,220,2293,0,1
2294,25,2294,0,1
2295,89,2295,0,1
2296,58,2296,0,1
2297,58,2297,0,1
2298,120,2298,0,1
2299,284,2299,0,1
2300,220,2300,0,1
2301,869,2301,0,0
2302,869,2302,1,0
2303,869,2303,1,1
2304,869,2304,1,1
2305,870,2305,0,0
2306,870,2306,0,1
2307,870,2307,0,1
2308,870,2308,0,0
2309,871,2309,0,0
2310,871,2310,0,1
2311,871,2311,0,1
2312,871,2312,0,0
2313,872,2313,0,0
2314,872,2314,0,1
2315,872,2315,0,0
2316,872,2316,0,1
2317,873,2317,1,0
2318,873,2318,1,0
2319,873,2319,1,1
2320,873,2320,1,1
2321,874,2321,0,0
2322,874,2322,0,0
2323,874,2323,0,1
2324,874,2324,0,1
2325,314,2325,1,0
2326,314,2326,1,1
2327,314,2327,1,1
2328,314,2328,0,0
2329,875,2329,0,1
2330,875,2330,0,0
2331,875,2331,0,0
2332,875,2332,0,1
2333,876,2333,0,1
2334,876,2334,0,1
2335,876,2335,0,0
2336,876,2336,0,0
2337,877,2337,0,0
2338,877,2338,0,0
2339,877,2339,0,1
2340,877,2340,0,1
2341,147,2341,0,0
2342,86,2342,0,1
2343,90,2343,0,1
2344,90,2344,0,0
2345,247,2345,0,0
2346,147,2346,0,1
2347,26,2347,0,1
2348,147,2348,0,1
2349,147,2349,0,0
2350,121,2350,0,1
2351,121,2351,0,1
2352,86,2352,0,1
2353,90,2353,0,1
2354,26,2354,0,0
2355,90,2355,0,0
2356,221,2356,0,0
2357,247,2357,0,0
2358,26,2358,0,1
2359,26,2359,0,0
2360,121,2360,0,0
2361,86,2361,0,0
2362,121,2362,0,0
2363,221,2363,0,1
2364,247,2364,0,1
2365,221,2365,0,0
2366,247,2366,0,1
2367,221,2367,0,1
2368,86,2368,0,0
2369,878,2369,0,0
2370,878,2370,0,0
2371,878,2371,0,1
2372,878,2372,0,1
2373,879,2373,0,0
2374,879,2374,0,1
2375,879,2375,0,0
2376,879,2376,1,1
2377,880,2377,0,1
2378,880,2378,0,0
2379,880,2379,1,0
2380,880,2380,1,1
2381,881,2381,1,0
2382,881,2382,1,1
2383,881,2383,1,0
2384,881,2384,1,1
2385,882,2385,0,0
2386,882,2386,0,1
2387,882,2387,0,1
2388,882,2388,0,0
2389,883,2389,0,1
2390,883,2390,0,1
2391,883,2391,0,0
2392,883,2392,0,0
2393,884,2393,1,1
2394,884,2394,0,0
2395,884,2395,0,1
2396,884,2396,1,0
2397,885,2397,0,0
2398,885,2398,0,0
2399,885,2399,0,1
2400,885,2400,0,1
2401,886,2401,0,0
2402,886,2402,0,1
2403,886,2403,0,1
2404,886,2404,0,0
2405,315,2405,0,0
2406,315,2406,0,1
2407,315,2407,0,1
2408,315,2408,0,0
2409,887,2409,0,1
2410,887,2410,0,1
2411,887,2411,0,0
2412,887,2412,0,0
2413,888,2413,0,1
2414,888,2414,0,1
2415,888,2415,0,0
2416,888,2416,0,0
2417,889,2417,0,0
2418,889,2418,0,0
2419,890,2419,0,0
2420,890,2420,0,0
2421,890,2421,0,1
2422,890,2422,0,1
2423,891,2423,0,1
2424,891,2424,0,0
2425,891,2425,0,0
2426,891,2426,0,1
2427,892,2427,0,0
2428,892,2428,0,1
2429,892,2429,0,1
2430,892,2430,0,0
2431,91,2431,0,1
2432,59,2432,0,1
2433,91,2433,0,1
2434,59,2434,0,0
2435,285,2435,0,0
2436,91,2436,0,0
2437,122,2437,0,0
2438,248,2438,0,1
2439,95,2439,0,0
2440,122,2440,0,0
2441,95,2441,0,0
2442,122,2442,0,1
2443,248,2443,0,0
2444,122,2444,0,1
2445,164,2445,0,1
2446,164,2446,0,0
2447,27,2447,0,1
2448,285,2448,0,0
2449,164,2449,0,1
2450,59,2450,0,1
2451,27,2451,0,0
2452,95,2452,0,1
2453,27,2453,0,0
2454,285,2454,0,1
2455,27,2455,0,1
2456,248,2456,0,1
2457,285,2457,0,1
2458,164,2458,0,0
2459,95,2459,0,1
2460,248,2460,0,0
2461,91,2461,0,0
2462,59,2462,0,0
2463,893,2463,0,0
2464,893,2464,0,1
2465,893,2465,0,1
2466,893,2466,0,0
2467,894,2467,0,0
2468,894,2468,1,1
2469,894,2469,1,0
2470,894,2470,1,1
2471,895,2471,0,1
2472,895,2472,0,1
2473,895,2473,0,0
2474,895,2474,0,0
2475,896,2475,0,0
2476,896,2476,1,0
2477,896,2477,1,1
2478,896,2478,0,1
2479,897,2479,0,0
2480,897,2480,0,0
2481,897,2481,0,1
2482,897,2482,0,1
2483,898,2483,0,0
2484,898,2484,0,1
2485,898,2485,0,0
2486,898,2486,0,1
2487,899,2487,0,0
2488,899,2488,0,1
2489,899,2489,0,1
2490,899,2490,0,0
2491,316,2491,1,1
2492,316,2492,1,0
2493,316,2493,0,0
2494,316,2494,0,1
2495,900,2495,0,1
2496,900,2496,0,0
2497,900,2497,0,0
2498,900,2498,0,1
2499,901,2499,0,1
2500,901,2500,0,0
2501,901,2501,0,0
2502,901,2502,0,1
2503,902,2503,0,0
2504,902,2504,0,1
2505,902,2505,0,1
2506,902,2506,0,0
2507,903,2507,0,0
2508,903,2508,0,0
2509,903,2509,0,1
2510,903,2510,0,1
2511,249,2511,0,0
2512,223,2512,0,1
2513,286,2513,0,0
2514,166,2514,0,1
2515,223,2515,0,0
2516,92,2516,1,0
2517,249,2517,0,0
2518,286,2518,0,1
2519,28,2519,0,1
2520,92,2520,1,1
2521,28,2521,0,0
2522,223,2522,0,1
2523,166,2523,0,0
2524,286,2524,0,1
2525,249,2525,0,1
2526,223,2526,0,0
2527,28,2527,0,1
2528,166,2528,0,1
2529,249,2529,0,1
2530,166,2530,0,0
2531,92,2531,1,0
2532,286,2532,0,0
2533,92,2533,0,1
2534,28,2534,0,0
2535,904,2535,0,1
2536,904,2536,0,1
2537,904,2537,0,0
2538,904,2538,0,0
2539,905,2539,0,0
2540,905,2540,1,0
2541,905,2541,1,1
2542,905,2542,1,1
2543,906,2543,0,1
2544,906,2544,0,0
2545,906,2545,0,0
2546,906,2546,0,1
2547,907,2547,0,1
2548,907,2548,0,0
2549,907,2549,0,0
2550,907,2550,1,1
2551,317,2551,0,0
2552,317,2552,0,0
2553,317,2553,0,1
2554,317,2554,0,1
2555,908,2555,0,1
2556,908,2556,0,0
2557,908,2557,1,0
2558,908,2558,0,1
2559,909,2559,0,1
2560,909,2560,0,1
2561,910,2561,0,1
2562,910,2562,0,0
2563,910,2563,1,0
2564,910,2564,0,1
2565,911,2565,0,1
2566,911,2566,0,0
2567,911,2567,0,0
2568,911,2568,0,1
2569,93,2569,0,0
2570,167,2570,0,0
2571,114,2571,0,1
2572,167,2572,0,0
2573,287,2573,0,0
2574,250,2574,0,1
2575,250,2575,0,0
2576,124,2576,0,0
2577,250,2577,0,1
2578,124,2578,0,1
2579,124,2579,0,0
2580,60,2580,0,1
2581,114,2581,0,1
2582,167,2582,0,1
2583,224,2583,0,0
2584,224,2584,0,0
2585,93,2585,0,1
2586,287,2586,0,1
2587,224,2587,0,1
2588,287,2588,0,1
2589,60,2589,0,0
2590,250,2590,0,0
2591,93,2591,0,1
2592,60,2592,0,0
2593,114,2593,0,0
2594,287,2594,0,0
2595,124,2595,0,1
2596,114,2596,0,0
2597,60,2597,0,1
2598,167,2598,0,1
2599,93,2599,0,0
2600,224,2600,0,1
2601,912,2601,0,1
2602,912,2602,0,0
2603,912,2603,0,1
2604,912,2604,0,0
2605,913,2605,0,0
2606,913,2606,0,0
2607,913,2607,0,1
2608,913,2608,0,1
2609,914,2609,0,1
2610,914,2610,0,0
2611,914,2611,0,0
2612,914,2612,0,1
2613,915,2613,1,0
2614,915,2614,1,1
2615,915,2615,1,0
2616,915,2616,1,1
2617,916,2617,0,0
2618,916,2618,0,1
2619,916,2619,0,0
2620,916,2620,0,1
2621,917,2621,1,1
2622,917,2622,1,1
2623,917,2623,0,0
2624,917,2624,0,0
2625,918,2625,0,0
2626,918,2626,0,1
2627,918,2627,1,0
2628,918,2628,1,1
2629,919,2629,0,0
2630,919,2630,0,0
2631,920,2631,0,1
2632,920,2632,0,0
2633,920,2633,0,1
2634,920,2634,0,0
2635,921,2635,0,1
2636,921,2636,0,0
2637,921,2637,0,0
2638,921,2638,0,1
2639,922,2639,0,1
2640,922,2640,0,1
2641,922,2641,0,0
2642,922,2642,0,0
2643,252,2643,0,1
2644,29,2644,0,0
2645,168,2645,0,0
2646,123,2646,0,1
2647,168,2647,0,1
2648,123,2648,0,0
2649,252,2649,0,0
2650,123,2650,0,1
2651,168,2651,0,1
2652,29,2652,0,1
2653,168,2653,0,0
2654,252,2654,0,1
2655,123,2655,0,0
2656,252,2656,0,0
2657,29,2657,0,1
2658,29,2658,0,0
2659,923,2659,0,0
2660,923,2660,0,1
2661,923,2661,0,1
2662,923,2662,0,0
2663,924,2663,0,1
2664,924,2664,0,0
2665,924,2665,1,1
2666,924,2666,0,0
2667,925,2667,0,1
2668,925,2668,0,0
2669,925,2669,0,0
2670,925,2670,1,1
2671,926,2671,0,0
2672,926,2672,0,0
2673,926,2673,0,1
2674,926,2674,0,1
2675,927,2675,0,0
2676,927,2676,0,1
2677,927,2677,0,1
2678,927,2678,0,0
2679,928,2679,0,0
2680,928,2680,0,0
2681,928,2681,0,1
2682,928,2682,1,1
2683,929,2683,0,1
2684,929,2684,0,0
2685,929,2685,0,0
2686,929,2686,0,1
2687,930,2687,0,0
2688,930,2688,0,1
2689,930,2689,0,1
2690,930,2690,0,0
2691,931,2691,0,0
2692,931,2692,0,0
2693,931,2693,1,1
2694,931,2694,1,1
2695,318,2695,1,1
2696,318,2696,1,0
2697,318,2697,1,0
2698,318,2698,1,1
2699,932,2699,0,0
2700,932,2700,0,0
2701,933,2701,0,1
2702,933,2702,0,1
2703,933,2703,0,0
2704,933,2704,0,0
2705,934,2705,0,0
2706,934,2706,0,1
2707,934,2707,0,1
2708,934,2708,0,0
2709,131,2709,0,0
2710,94,2710,0,1
2711,169,2711,0,1
2712,30,2712,0,0
2713,30,2713,0,1
2714,169,2714,0,0
2715,94,2715,0,0
2716,30,2716,0,1
2717,61,2717,0,1
2718,253,2718,0,1
2719,253,2719,0,0
2720,61,2720,0,1
2721,253,2721,0,1
2722,131,2722,0,1
2723,131,2723,0,1
2724,61,2724,0,0
2725,94,2725,0,1
2726,169,2726,0,1
2727,169,2727,0,0
2728,61,2728,0,0
2729,131,2729,0,0
2730,253,2730,0,0
2731,94,2731,0,0
2732,30,2732,0,0
2733,935,2733,1,1
2734,935,2734,0,0
2735,935,2735,0,1
2736,935,2736,0,0
2737,936,2737,0,0
2738,936,2738,1,1
2739,936,2739,1,1
2740,936,2740,0,0
2741,937,2741,0,1
2742,937,2742,0,0
2743,937,2743,0,0
2744,937,2744,0,1
2745,938,2745,1,1
2746,938,2746,0,1
2747,938,2747,1,0
2748,938,2748,0,0
2749,939,2749,1,0
2750,939,2750,0,1
2751,939,2751,1,0
2752,939,2752,0,1
2753,940,2753,0,0
2754,940,2754,0,1
2755,940,2755,0,1
2756,940,2756,0,0
2757,319,2757,0,1
2758,319,2758,0,1
2759,320,2759,0,1
2760,320,2760,0,0
2761,320,2761,1,1
2762,320,2762,0,0
2763,941,2763,0,1
2764,941,2764,0,0
2765,941,2765,0,0
2766,941,2766,0,1
2767,942,2767,0,1
2768,942,2768,0,0
2769,943,2769,0,0
2770,942,2770,0,1
2771,942,2771,0,0
2772,943,2772,0,0
2773,944,2773,0,1
2774,944,2774,0,1
2775,944,2775,0,0
2776,944,2776,0,0
2777,945,2777,0,0
2778,945,2778,0,1
2779,945,2779,0,0
2780,945,2780,0,1
2781,946,2781,0,0
2782,946,2782,0,0
2783,947,2783,0,1
2784,947,2784,0,1
2785,949,2785,0,0
2786,948,2786,0,1
2787,948,2787,0,0
2788,949,2788,0,1
2789,949,2789,0,1
2790,948,2790,0,1
2791,948,2791,0,0
2792,949,2792,0,0
2793,950,2793,0,1
2794,950,2794,0,1
2795,950,2795,0,0
2796,950,2796,0,0
2797,951,2797,0,1
2798,952,2798,0,1
2799,952,2799,0,1
2800,951,2800,0,1
2801,951,2801,0,0
2802,951,2802,0,0
2803,953,2803,0,1
2804,953,2804,0,1
2805,954,2805,0,1
2806,954,2806,0,0
2807,954,2807,0,0
2808,954,2808,0,1
2809,955,2809,0,1
2810,955,2810,0,0
2811,955,2811,0,0
2812,955,2812,0,1
2813,956,2813,0,1
2814,956,2814,0,0
2815,956,2815,0,0
2816,956,2816,0,1
2817,958,2817,0,0
2818,958,2818,0,1
2819,958,2819,0,0
2820,957,2820,0,1
2821,958,2821,0,1
2822,957,2822,0,1
2823,959,2823,0,0
2824,959,2824,0,1
2825,959,2825,0,0
2826,959,2826,0,1
2827,960,2827,0,1
2828,960,2828,0,1
2829,961,2829,0,1
2830,961,2830,0,1
2831,962,2831,0,0
2832,963,2832,0,1
2833,963,2833,0,1
2834,962,2834,0,1
2835,962,2835,0,1
2836,962,2836,0,0
2837,964,2837,0,0
2838,964,2838,0,1
2839,964,2839,0,1
2840,964,2840,0,0
2841,966,2841,0,1
2842,966,2842,0,1
2843,966,2843,0,0
2844,966,2844,0,0
2845,967,2845,1,1
2846,967,2846,1,0
2847,967,2847,1,1
2848,967,2848,0,0
2849,968,2849,1,1
2850,968,2850,0,1
2851,969,2851,0,0
2852,970,2852,0,1
2853,969,2853,0,0
2854,969,2854,0,1
2855,969,2855,0,1
2856,970,2856,0,1
2857,972,2857,0,1
2858,972,2858,0,0
2859,972,2859,0,0
2860,971,2860,0,0
2861,972,2861,0,1
2862,971,2862,0,1
2863,971,2863,0,0
2864,971,2864,0,1
2865,973,2865,0,1
2866,973,2866,0,0
2867,973,2867,0,0
2868,973,2868,0,1
2869,975,2869,0,1
2870,975,2870,0,1
2871,974,2871,0,1
2872,974,2872,0,1
2873,976,2873,0,1
2874,976,2874,0,1
2875,977,2875,0,1
2876,977,2876,0,1
2877,978,2877,0,1
2878,978,2878,0,0
2879,978,2879,0,0
2880,978,2880,0,1
2881,979,2881,0,1
2882,979,2882,0,0
2883,980,2883,1,0
2884,980,2884,1,0
2885,979,2885,0,1
2886,979,2886,0,0
2887,981,2887,0,0
2888,981,2888,0,0
2889,982,2889,0,0
2890,981,2890,0,1
2891,982,2891,0,0
2892,981,2892,0,1
2893,983,2893,0,1
2894,984,2894,1,1
2895,984,2895,0,1
2896,983,2896,1,0
2897,983,2897,1,0
2898,983,2898,0,1
2899,985,2899,0,1
2900,986,2900,0,1
2901,986,2901,0,1
2902,985,2902,0,1
2903,988,2903,0,1
2904,987,2904,1,1
2905,987,2905,0,0
2906,987,2906,1,0
2907,987,2907,0,1
2908,988,2908,0,1
2909,989,2909,0,1
2910,989,2910,0,0
2911,990,2911,0,0
2912,989,2912,0,1
2913,990,2913,0,0
2914,989,2914,0,0
2915,991,2915,0,0
2916,991,2916,0,0
2917,992,2917,0,1
2918,992,2918,0,0
2919,992,2919,0,0
2920,992,2920,0,1
2921,993,2921,0,0
2922,993,2922,0,0
2923,994,2923,0,0
2924,994,2924,0,0
2925,993,2925,0,1
2926,993,2926,0,1
2927,995,2927,0,0
2928,995,2928,0,0
2929,995,2929,0,1
2930,995,2930,0,1
2931,996,2931,0,1
2932,997,2932,0,1
2933,997,2933,0,0
2934,997,2934,0,0
2935,996,2935,0,1
2936,996,2936,0,0
2937,996,2937,0,0
2938,997,2938,0,1
2939,999,2939,0,0
2940,998,2940,0,1
2941,999,2941,0,0
2942,999,2942,0,1
2943,999,2943,0,1
2944,998,2944,0,0
2945,998,2945,0,0
2946,998,2946,0,1
2947,321,2947,0,0
2948,186,2948,0,1
2949,142,2949,0,1
2950,75,2950,1,1
2951,75,2951,1,0
2952,102,2952,0,0
2953,142,2953,0,0
2954,102,2954,0,1
2955,75,2955,0,1
2956,149,2956,0,1
2957,149,2957,0,0
2958,149,2958,0,1
2959,102,2959,0,1
2960,127,2960,0,1
2961,203,2961,0,1
2962,127,2962,0,1
2963,203,2963,0,1
2964,227,2964,0,1
2965,321,2965,0,1
2966,186,2966,0,0
2967,227,2967,0,0
2968,203,2968,0,0
2969,321,2969,0,0
2970,186,2970,0,1
2971,321,2971,0,1
2972,75,2972,1,0
2973,127,2973,0,0
2974,149,2974,0,0
2975,186,2975,0,0
2976,203,2976,0,0
2977,142,2977,0,1
2978,127,2978,0,0
2979,227,2979,0,1
2980,142,2980,0,0
2981,102,2981,0,0
2982,227,2982,0,0
2983,1000,2983,0,1
2984,1000,2984,0,0
2985,1000,2985,0,0
2986,1000,2986,0,1
2987,1001,2987,0,0
2988,1001,2988,0,1
2989,1001,2989,0,0
2990,1001,2990,0,1
2991,1002,2991,0,0
2992,1002,2992,0,0
2993,1002,2993,0,1
2994,1002,2994,0,1
2995,62,2995,0,0
2996,62,2996,0,1
2997,31,2997,0,1
2998,31,2998,0,0
2999,170,2999,0,0
3000,2,3000,0,0
3001,254,3001,0,0
3002,96,3002,0,1
3003,254,3003,0,1
3004,31,3004,0,1
3005,31,3005,0,0
3006,62,3006,0,1
3007,62,3007,0,0
3008,96,3008,0,0
3009,254,3009,1,0
3010,170,3010,0,1
3011,2,3011,0,0
3012,170,3012,0,0
3013,254,3013,0,1
3014,170,3014,0,1
3015,96,3015,0,0
3016,2,3016,0,1
3017,96,3017,0,1
3018,2,3018,0,1
3019,1003,3019,0,0
3020,1003,3020,1,1
3021,1003,3021,1,1
3022,1003,3022,0,0
3023,1004,3023,0,0
3024,1004,3024,0,0
3025,1004,3025,0,1
3026,1004,3026,0,1
3027,1005,3027,0,1
3028,1005,3028,0,0
3029,1005,3029,0,1
3030,1005,3030,0,0
3031,1007,3031,0,0
3032,1007,3032,0,1
3033,1007,3033,0,1
3034,1007,3034,0,0
3035,1009,3035,0,0
3036,1009,3036,0,0
3037,1009,3037,0,1
3038,1009,3038,0,1
3039,322,3039,0,0
3040,322,3040,0,1
3041,322,3041,0,0
3042,322,3042,0,1
3043,1010,3043,1,1
3044,1010,3044,0,1
3045,1010,3045,0,0
3046,1010,3046,0,0
3047,1011,3047,0,0
3048,1011,3048,0,1
3049,1011,3049,0,1
3050,1011,3050,0,0
3051,3,3051,0,0
3052,97,3052,0,1
3053,255,3053,0,1
3054,97,3054,0,0
3055,3,3055,0,1
3056,255,3056,0,0
3057,3,3057,0,0
3058,97,3058,0,0
3059,3,3059,0,1
3060,97,3060,0,1
3061,255,3061,0,0
3062,255,3062,0,1
3063,1012,3063,0,1
3064,1012,3064,0,0
3065,1012,3065,0,1
3066,1012,3066,0,0
3067,1013,3067,0,1
3068,1013,3068,0,0
3069,1013,3069,0,0
3070,1013,3070,0,1
3071,1014,3071,0,1
3072,1014,3072,0,0
3073,1014,3073,0,1
3074,1014,3074,0,0
3075,1015,3075,0,1
3076,1015,3076,0,0
3077,1015,3077,0,1
3078,1015,3078,0,0
3079,1016,3079,0,1
3080,1016,3080,0,1
3081,1016,3081,0,0
3082,1016,3082,0,0
3083,1017,3083,0,0
3084,1017,3084,0,1
3085,1017,3085,0,1
3086,1017,3086,0,0
3087,1018,3087,0,0
3088,1018,3088,0,1
3089,1018,3089,0,0
3090,1018,3090,0,1
3091,1019,3091,0,1
3092,1019,3092,0,1
3093,1019,3093,0,0
3094,1019,3094,0,0
3095,324,3095,0,1
3096,324,3096,1,1
3097,324,3097,0,0
3098,324,3098,0,0
3099,1020,3099,0,1
3100,1020,3100,0,0
3101,1020,3101,0,0
3102,1020,3102,0,1
3103,171,3103,0,0
3104,63,3104,0,1
3105,158,3105,0,0
3106,98,3106,0,1
3107,171,3107,0,1
3108,98,3108,0,0
3109,32,3109,0,1
3110,32,3110,0,0
3111,63,3111,0,1
3112,158,3112,0,1
3113,158,3113,0,1
3114,63,3114,0,0
3115,32,3115,0,1
3116,32,3116,0,0
3117,171,3117,0,0
3118,171,3118,0,1
3119,98,3119,0,0
3120,63,3120,0,0
3121,158,3121,0,0
3122,98,3122,0,1
3123,325,3123,0,0
3124,325,3124,0,0
3125,325,3125,0,1
3126,325,3126,0,1
3127,1021,3127,0,0
3128,1021,3128,0,1
3129,1021,3129,0,0
3130,1021,3130,0,1
3131,256,3131,0,0
3132,33,3132,0,1
3133,33,3133,0,0
3134,4,3134,0,0
3135,165,3135,0,1
3136,99,3136,0,1
3137,165,3137,0,1
3138,33,3138,0,0
3139,256,3139,0,1
3140,165,3140,0,0
3141,172,3141,0,0
3142,165,3142,0,0
3143,172,3143,0,0
3144,99,3144,0,0
3145,172,3145,0,1
3146,4,3146,0,1
3147,4,3147,0,1
3148,33,3148,0,1
3149,99,3149,0,0
3150,256,3150,0,1
3151,172,3151,0,1
3152,256,3152,0,0
3153,99,3153,0,1
3154,4,3154,0,0
3155,1022,3155,0,1
3156,1022,3156,0,0
3157,1022,3157,1,1
3158,1022,3158,0,0
3159,64,3159,0,1
3160,173,3160,0,1
3161,175,3161,0,0
3162,34,3162,0,1
3163,34,3163,0,0
3164,175,3164,0,1
3165,173,3165,0,1
3166,64,3166,0,1
3167,34,3167,0,0
3168,173,3168,0,0
3169,257,3169,1,0
3170,64,3170,0,0
3171,175,3171,0,0
3172,257,3172,1,1
3173,257,3173,1,0
3174,173,3174,0,0
3175,257,3175,0,1
3176,34,3176,0,1
3177,64,3177,0,0
3178,175,3178,0,1
3179,327,3179,1,1
3180,327,3180,0,0
3181,327,3181,0,1
3182,327,3182,0,0
3183,1023,3183,0,1
3184,1023,3184,0,1
3185,1023,3185,0,0
3186,1023,3186,0,0
3187,185,3187,0,0
3188,174,3188,0,1
3189,35,3189,0,0
3190,185,3190,0,0
3191,35,3191,0,0
3192,65,3192,0,0
3193,65,3193,0,1
3194,65,3194,0,0
3195,174,3195,0,0
3196,185,3196,0,1
3197,65,3197,0,1
3198,5,3198,1,0
3199,185,3199,0,1
3200,174,3200,0,0
3201,35,3201,0,1
3202,5,3202,0,1
3203,35,3203,0,1
3204,174,3204,0,1
3205,5,3205,0,1
3206,5,3206,0,0
3207,194,3207,0,0
3208,36,3208,0,0
3209,176,3209,0,0
3210,66,3210,0,0
3211,176,3211,0,1
3212,176,3212,0,0
3213,194,3213,0,1
3214,36,3214,0,1
3215,194,3215,0,1
3216,66,3216,0,1
3217,66,3217,0,0
3218,194,3218,0,0
3219,36,3219,0,1
3220,66,3220,0,1
3221,176,3221,0,1
3222,36,3222,0,0
3223,6,3223,0,0
3224,177,3224,0,1
3225,205,3225,0,1
3226,205,3226,0,1
3227,6,3227,0,1
3228,205,3228,0,0
3229,177,3229,0,0
3230,6,3230,0,0
3231,177,3231,0,1
3232,177,3232,0,0
3233,205,3233,0,0
3234,6,3234,0,1
3235,67,3235,0,0
3236,67,3236,0,1
3237,214,3237,0,1
3238,214,3238,0,0
3239,67,3239,0,0
3240,214,3240,0,1
3241,214,3241,0,0
3242,67,3242,0,1
3243,329,3243,0,0
3244,329,3244,0,0
3245,329,3245,0,1
3246,329,3246,0,1
3247,222,3247,0,0
3248,178,3248,1,0
3249,178,3249,1,0
3250,37,3250,0,0
3251,222,3251,0,1
3252,37,3252,0,1
3253,37,3253,0,0
3254,222,3254,0,1
3255,222,3255,0,0
3256,37,3256,0,1
3257,178,3257,1,1
3258,178,3258,1,1
3259,330,3259,0,0
3260,330,3260,0,0
3261,330,3261,1,1
3262,330,3262,0,1
3263,1024,3263,0,1
3264,1024,3264,0,1
3265,1025,3265,0,1
3266,1025,3266,0,0
3267,1026,3267,0,1
3268,1025,3268,0,1
3269,1026,3269,0,1
3270,1025,3270,0,0
3271,1027,3271,0,1
3272,1027,3272,0,1
3273,1027,3273,0,0
3274,1027,3274,0,0
3275,1028,3275,1,1
3276,1028,3276,1,0
3277,1028,3277,1,0
3278,1028,3278,1,1
3279,1029,3279,0,0
3280,1029,3280,1,0
3281,1031,3281,0,0
3282,1030,3282,0,1
3283,1031,3283,0,1
3284,1030,3284,0,1
3285,1030,3285,0,0
3286,1031,3286,0,1
3287,1030,3287,0,0
3288,1031,3288,0,0
3289,1032,3289,0,0
3290,1032,3290,0,0
3291,1032,3291,0,1
3292,1032,3292,0,1
3293,1033,3293,0,0
3294,1034,3294,0,0
3295,1033,3295,0,0
3296,1034,3296,0,0
3297,1033,3297,0,1
3298,1033,3298,0,1
3299,1035,3299,0,1
3300,1035,3300,1,0
3301,1035,3301,1,0
3302,1035,3302,0,1
3303,1036,3303,0,1
3304,1036,3304,0,0
3305,1036,3305,0,0
3306,1036,3306,0,1
3307,1037,3307,0,1
3308,1037,3308,0,1
3309,1037,3309,0,0
3310,1037,3310,0,0
3311,1038,3311,1,1
3312,1039,3312,0,1
3313,1038,3313,0,1
3314,1039,3314,0,1
3315,1039,3315,0,0
3316,1039,3316,0,0
3317,1040,3317,0,0
3318,1040,3318,0,1
3319,1040,3319,0,0
3320,1040,3320,0,1
3321,1041,3321,0,1
3322,1042,3322,0,1
3323,1042,3323,0,0
3324,1041,3324,0,1
3325,1042,3325,0,1
3326,1041,3326,0,0
3327,1042,3327,0,0
3328,1041,3328,0,0
3329,1043,3329,0,0
3330,1043,3330,0,0
3331,1044,3331,0,0
3332,1044,3332,0,0
3333,1044,3333,0,1
3334,1044,3334,0,1
3335,1045,3335,0,0
3336,1045,3336,0,0
3337,1047,3337,0,1
3338,1047,3338,0,0
3339,1047,3339,0,0
3340,1047,3340,0,1
3341,1049,3341,1,0
3342,1049,3342,1,0
3343,1050,3343,0,1
3344,1051,3344,0,1
3345,1051,3345,0,1
3346,1050,3346,0,0
3347,1050,3347,0,1
3348,1051,3348,0,0
3349,1050,3349,1,0
3350,1051,3350,0,0
3351,1052,3351,0,1
3352,1052,3352,0,1
3353,1052,3353,0,0
3354,1053,3354,0,1
3355,1052,3355,0,0
3356,1053,3356,0,0
3357,1053,3357,0,1
3358,1053,3358,0,0
3359,1054,3359,1,0
3360,1055,3360,1,0
3361,1054,3361,0,1
3362,1055,3362,0,1
3363,1054,3363,0,1
3364,1055,3364,0,1
3365,1054,3365,1,0
3366,1055,3366,0,0
3367,1056,3367,0,0
3368,1056,3368,0,1
3369,1056,3369,0,0
3370,1056,3370,0,1
3371,1058,3371,1,0
3372,1057,3372,0,1
3373,1057,3373,0,1
3374,1057,3374,0,0
3375,1058,3375,0,0
3376,1057,3376,0,0
3377,1059,3377,0,0
3378,1059,3378,0,0
3379,1060,3379,0,1
3380,1060,3380,0,1
3381,1061,3381,0,1
3382,1062,3382,1,1
3383,1061,3383,0,0
3384,1061,3384,1,0
3385,1061,3385,0,1
3386,1062,3386,1,1
3387,1063,3387,0,1
3388,1064,3388,0,1
3389,1063,3389,0,1
3390,1064,3390,0,1
3391,1063,3391,0,0
3392,1063,3392,0,0
3393,1065,3393,0,0
3394,1065,3394,0,1
3395,1065,3395,0,0
3396,1066,3396,1,0
3397,1066,3397,1,0
3398,1065,3398,0,1
3399,1067,3399,0,0
3400,1067,3400,0,1
3401,1068,3401,0,0
3402,1067,3402,0,1
3403,1067,3403,0,0
3404,1068,3404,0,0
3405,1069,3405,0,0
3406,1070,3406,0,0
3407,1070,3407,0,0
3408,1069,3408,0,0
3409,1071,3409,0,1
3410,1071,3410,0,1
3411,1071,3411,0,0
3412,1072,3412,0,1
3413,1071,3413,0,0
3414,1072,3414,0,1
3415,1073,3415,0,1
3416,1073,3416,0,1
3417,1074,3417,0,0
3418,1074,3418,0,1
3419,1074,3419,0,0
3420,1074,3420,0,1
3421,1076,3421,0,1
3422,1075,3422,0,1
3423,1076,3423,0,1
3424,1075,3424,0,0
3425,1075,3425,0,0
3426,1075,3426,0,1
3427,1077,3427,0,0
3428,1077,3428,0,0
3429,1077,3429,0,1
3430,1077,3430,0,1
3431,1078,3431,0,0
3432,1078,3432,0,0
3433,1078,3433,0,1
3434,1078,3434,0,1
3435,1079,3435,0,0
3436,1079,3436,0,0
3437,1079,3437,0,1
3438,1080,3438,0,1
3439,1080,3439,1,1
3440,1079,3440,0,1
3441,1080,3441,0,0
3442,1080,3442,0,0
3443,204,3443,0,1
3444,228,3444,0,1
3445,204,3445,0,1
3446,331,3446,0,1
3447,103,3447,0,0
3448,204,3448,0,0
3449,187,3449,0,1
3450,228,3450,0,0
3451,103,3451,0,1
3452,231,3452,0,0
3453,204,3453,0,0
3454,103,3454,0,1
3455,331,3455,0,0
3456,231,3456,0,1
3457,228,3457,0,0
3458,187,3458,0,1
3459,231,3459,0,1
3460,187,3460,0,0
3461,231,3461,0,0
3462,331,3462,0,1
3463,103,3463,0,0
3464,331,3464,0,0
3465,187,3465,0,0
3466,228,3466,0,1
3467,179,3467,0,0
3468,332,3468,0,1
3469,8,3469,0,1
3470,332,3470,0,1
3471,68,3471,0,0
3472,179,3472,0,0
3473,8,3473,0,1
3474,68,3474,0,0
3475,332,3475,0,0
3476,68,3476,0,1
3477,179,3477,0,1
3478,179,3478,0,1
3479,68,3479,0,1
3480,332,3480,0,0
3481,8,3481,0,0
3482,8,3482,0,0
3483,180,3483,0,0
3484,180,3484,0,1
3485,333,3485,1,1
3486,69,3486,0,1
3487,180,3487,0,1
3488,69,3488,0,0
3489,9,3489,0,1
3490,333,3490,0,1
3491,241,3491,0,0
3492,333,3492,1,0
3493,333,3493,0,0
3494,241,3494,0,1
3495,69,3495,0,1
3496,69,3496,0,0
3497,180,3497,0,0
3498,9,3498,0,1
3499,9,3499,0,0
3500,9,3500,0,0
3501,241,3501,0,1
3502,241,3502,0,0
3503,334,3503,0,0
3504,334,3504,0,1
3505,334,3505,0,1
3506,334,3506,0,0
3507,181,3507,0,1
3508,38,3508,0,0
3509,251,3509,0,1
3510,38,3510,0,1
3511,181,3511,0,0
3512,181,3512,0,1
3513,251,3513,0,0
3514,38,3514,0,0
3515,10,3515,0,0
3516,251,3516,0,1
3517,181,3517,0,0
3518,251,3518,0,0
3519,10,3519,0,1
3520,38,3520,0,1
3521,10,3521,0,1
3522,10,3522,0,0
3523,335,3523,0,1
3524,335,3524,0,1
3525,335,3525,0,0
3526,335,3526,0,0
3527,1081,3527,0,1
3528,1081,3528,0,0
3529,1081,3529,0,0
3530,1081,3530,0,1
3531,11,3531,0,0
3532,258,3532,0,1
3533,182,3533,0,0
3534,182,3534,0,0
3535,11,3535,0,1
3536,258,3536,0,0
3537,182,3537,0,1
3538,258,3538,0,0
3539,258,3539,0,1
3540,11,3540,0,0
3541,182,3541,0,1
3542,11,3542,0,1
3543,70,3543,0,0
3544,183,3544,0,0
3545,39,3545,0,1
3546,259,3546,0,1
3547,39,3547,0,0
3548,259,3548,0,0
3549,183,3549,0,1
3550,183,3550,0,0
3551,39,3551,0,0
3552,183,3552,0,1
3553,259,3553,0,1
3554,70,3554,0,1
3555,70,3555,0,1
3556,70,3556,0,0
3557,39,3557,0,1
3558,259,3558,0,0
3559,72,3559,0,1
3560,260,3560,0,0
3561,72,3561,0,0
3562,260,3562,0,1
3563,72,3563,0,0
3564,260,3564,0,1
3565,72,3565,0,1
3566,260,3566,0,0
3567,336,3567,0,0
3568,12,3568,0,1
3569,261,3569,0,1
3570,261,3570,0,0
3571,336,3571,0,1
3572,336,3572,0,1
3573,12,3573,0,0
3574,12,3574,0,0
3575,261,3575,0,1
3576,261,3576,0,0
3577,336,3577,0,0
3578,12,3578,0,1
3579,337,3579,0,0
3580,337,3580,1,1
3581,337,3581,0,0
3582,337,3582,0,1
3583,262,3583,0,0
3584,40,3584,0,1
3585,13,3585,0,0
3586,13,3586,0,0
3587,40,3587,1,0
3588,262,3588,0,0
3589,262,3589,0,1
3590,40,3590,0,1
3591,262,3591,0,1
3592,40,3592,1,0
3593,13,3593,0,1
3594,13,3594,0,1
3595,338,3595,0,1
3596,338,3596,0,0
3597,338,3597,0,0
3598,338,3598,0,1
3599,1082,3599,1,0
3600,1082,3600,1,0
3601,1082,3601,1,1
3602,1082,3602,0,1
3603,41,3603,0,0
3604,41,3604,0,1
3605,41,3605,0,1
3606,263,3606,0,1
3607,263,3607,0,1
3608,263,3608,0,0
3609,263,3609,0,0
3610,41,3610,0,0
3611,339,3611,0,1
3612,339,3612,0,0
3613,339,3613,1,0
3614,339,3614,0,1
3615,14,3615,0,1
3616,14,3616,0,0
3617,42,3617,0,0
3618,42,3618,0,1
3619,14,3619,0,0
3620,42,3620,0,1
3621,42,3621,0,0
3622,14,3622,0,1
3623,340,3623,0,0
3624,340,3624,0,1
3625,340,3625,0,1
3626,340,3626,1,0
3627,341,3627,1,0
3628,341,3628,0,0
3629,341,3629,1,1
3630,341,3630,1,1
3631,1083,3631,1,0
3632,1083,3632,1,0
3633,1084,3633,0,1
3634,1084,3634,1,0
3635,1084,3635,0,0
3636,1085,3636,0,0
3637,1084,3637,1,1
3638,1085,3638,0,1
3639,1085,3639,0,0
3640,1085,3640,0,1
3641,1086,3641,0,0
3642,1086,3642,0,1
3643,1086,3643,0,0
3644,1086,3644,0,1
3645,1087,3645,1,0
3646,1087,3646,1,0
3647,1087,3647,1,1
3648,1087,3648,0,1
3649,1088,3649,0,0
3650,1088,3650,0,0
3651,1089,3651,0,1
3652,1089,3652,0,1
3653,1089,3653,0,0
3654,1089,3654,0,0
3655,1090,3655,0,1
3656,1090,3656,0,1
3657,1091,3657,0,1
3658,1091,3658,0,1
3659,1091,3659,0,0
3660,1090,3660,0,0
3661,1090,3661,0,0
3662,1091,3662,0,0
3663,1092,3663,0,0
3664,1092,3664,0,1
3665,1092,3665,0,0
3666,1092,3666,0,1
3667,1093,3667,0,1
3668,1094,3668,0,1
3669,1094,3669,0,0
3670,1093,3670,0,1
3671,1094,3671,0,1
3672,1093,3672,0,0
3673,1094,3673,0,0
3674,1093,3674,0,0
3675,1095,3675,0,1
3676,1095,3676,0,1
3677,1095,3677,0,0
3678,1095,3678,0,0
3679,1096,3679,0,1
3680,1096,3680,0,1
3681,1097,3681,0,0
3682,1097,3682,0,1
3683,1097,3683,0,0
3684,1097,3684,0,1
3685,1098,3685,0,1
3686,1098,3686,0,0
3687,1098,3687,0,0
3688,1098,3688,0,1
3689,1099,3689,0,1
3690,1099,3690,0,1
3691,1101,3691,0,0
3692,1100,3692,1,0
3693,1100,3693,1,1
3694,1100,3694,1,1
3695,1101,3695,0,0
3696,1100,3696,1,0
3697,1102,3697,1,1
3698,1102,3698,0,0
3699,1103,3699,0,0
3700,1103,3700,0,1
3701,1102,3701,0,0
3702,1102,3702,1,1
3703,1103,3703,0,0
3704,1103,3704,0,1
3705,1104,3705,0,1
3706,1104,3706,0,1
3707,1106,3707,0,0
3708,1106,3708,0,0
3709,1107,3709,0,0
3710,1107,3710,0,0
3711,1108,3711,0,0
3712,1108,3712,0,0
3713,1108,3713,0,1
3714,1108,3714,0,1
3715,1109,3715,0,0
3716,1110,3716,1,0
3717,1110,3717,0,0
3718,1109,3718,0,1
3719,1109,3719,0,0
3720,1109,3720,0,1
3721,1111,3721,0,0
3722,1111,3722,0,0
3723,1111,3723,0,1
3724,1111,3724,0,1
3725,1112,3725,0,0
3726,1112,3726,0,1
3727,1112,3727,0,0
3728,1112,3728,0,1
3729,1113,3729,0,0
3730,1114,3730,0,1
3731,1114,3731,0,1
3732,1113,3732,0,1
3733,1113,3733,0,1
3734,1113,3734,0,0
3735,1115,3735,0,1
3736,1115,3736,0,1
3737,1116,3737,0,1
3738,1116,3738,0,1
3739,1117,3739,0,0
3740,1117,3740,0,0
3741,1117,3741,0,1
3742,1117,3742,0,1
3743,1118,3743,0,1
3744,1118,3744,0,0
3745,1119,3745,0,0
3746,1119,3746,0,0
3747,1118,3747,0,1
3748,1118,3748,0,0
3749,1120,3749,0,1
3750,1121,3750,0,0
3751,1120,3751,0,0
3752,1120,3752,0,0
3753,1120,3753,0,1
3754,1121,3754,0,0
3755,1123,3755,0,1
3756,1122,3756,0,0
3757,1122,3757,1,1
3758,1122,3758,0,0
3759,1122,3759,0,1
3760,1123,3760,0,1
3761,1124,3761,0,0
3762,1124,3762,0,0
3763,1124,3763,0,1
3764,1124,3764,0,1
3765,1126,3765,0,1
3766,1125,3766,0,0
3767,1125,3767,0,0
3768,1125,3768,0,1
3769,1126,3769,0,1
3770,1125,3770,0,1
3771,1127,3771,0,1
3772,1128,3772,0,0
3773,1128,3773,1,0
3774,1127,3774,0,1
3775,1129,3775,0,0
3776,1129,3776,0,0
3777,1130,3777,0,0
3778,1130,3778,0,0
3779,1130,3779,0,1
3780,1130,3780,0,1
3781,1131,3781,0,1
3782,1131,3782,0,0
3783,1131,3783,0,0
3784,1132,3784,0,0
3785,1131,3785,0,1
3786,1132,3786,0,0
3787,1133,3787,0,0
3788,1133,3788,0,1
3789,1133,3789,0,1
3790,1133,3790,0,0
3791,1134,3791,1,0
3792,1135,3792,0,0
3793,1134,3793,0,1
3794,1135,3794,0,1
3795,1134,3795,0,1
3796,1135,3796,0,1
3797,1134,3797,0,0
3798,1135,3798,0,0
3799,1136,3799,1,1
3800,1136,3800,0,0
3801,1136,3801,0,0
3802,1137,3802,0,1
3803,1136,3803,0,1
3804,1137,3804,0,1
3805,1137,3805,0,0
3806,1137,3806,0,0
3807,188,3807,0,0
3808,150,3808,1,1
3809,188,3809,0,0
3810,20,3810,0,1
3811,150,3811,1,1
3812,150,3812,0,0
3813,206,3813,0,1
3814,272,3814,0,1
3815,20,3815,0,1
3816,104,3816,0,1
3817,128,3817,0,1
3818,20,3818,0,0
3819,188,3819,0,1
3820,104,3820,0,0
3821,128,3821,0,1
3822,272,3822,0,0
3823,104,3823,0,0
3824,206,3824,0,1
3825,188,3825,0,1
3826,206,3826,0,0
3827,206,3827,0,0
3828,128,3828,0,0
3829,20,3829,0,0
3830,128,3830,0,0
3831,150,3831,0,0
3832,272,3832,0,0
3833,104,3833,0,1
3834,272,3834,0,1
3835,43,3835,0,1
3836,264,3836,0,1
3837,15,3837,0,0
3838,264,3838,0,0
3839,264,3839,0,1
3840,15,3840,0,0
3841,43,3841,0,0
3842,264,3842,0,0
3843,15,3843,0,1
3844,43,3844,0,0
3845,15,3845,0,1
3846,43,3846,0,1
3847,342,3847,0,1
3848,342,3848,0,1
3849,342,3849,0,0
3850,342,3850,0,0
3851,16,3851,0,1
3852,16,3852,0,0
3853,16,3853,0,0
3854,16,3854,0,1
3855,343,3855,0,0
3856,343,3856,0,0
3857,343,3857,0,1
3858,343,3858,0,1
3859,17,3859,0,0
3860,17,3860,0,1
3861,17,3861,0,0
3862,17,3862,0,1
3863,344,3863,0,1
3864,344,3864,0,0
3865,344,3865,0,0
3866,344,3866,0,1
3867,18,3867,0,0
3868,265,3868,0,0
3869,265,3869,0,1
3870,18,3870,0,1
3871,265,3871,0,0
3872,265,3872,0,1
3873,18,3873,0,1
3874,18,3874,0,0
3875,345,3875,0,1
3876,345,3876,0,0
3877,345,3877,0,1
3878,345,3878,0,0
3879,266,3879,0,0
3880,19,3880,0,1
3881,19,3881,0,0
3882,19,3882,0,1
3883,19,3883,0,0
3884,266,3884,0,0
3885,266,3885,0,1
3886,266,3886,0,1
3887,346,3887,0,1
3888,346,3888,0,1
3889,346,3889,0,0
3890,346,3890,0,0
3891,267,3891,0,1
3892,267,3892,0,1
3893,267,3893,0,0
3894,267,3894,0,0
3895,347,3895,0,1
3896,347,3896,0,0
3897,347,3897,0,1
3898,347,3898,0,0
3899,348,3899,0,0
3900,348,3900,0,0
3901,348,3901,0,1
3902,348,3902,0,1
3903,268,3903,0,0
3904,268,3904,0,1
3905,268,3905,0,0
3906,268,3906,0,1
3907,349,3907,0,1
3908,349,3908,0,0
3909,349,3909,0,1
3910,349,3910,0,0
3911,350,3911,0,0
3912,350,3912,0,0
3913,350,3913,0,1
3914,350,3914,0,1
3915,1138,3915,0,0
3916,1138,3916,0,1
3917,1138,3917,0,0
3918,1138,3918,1,1
3919,1139,3919,0,0
3920,1139,3920,0,1
3921,1140,3921,0,0
3922,1139,3922,0,0
3923,1139,3923,0,1
3924,1140,3924,0,0
3925,1141,3925,0,0
3926,1141,3926,0,0
3927,1142,3927,0,1
3928,1142,3928,0,0
3929,1142,3929,0,0
3930,1142,3930,0,1
3931,1143,3931,0,1
3932,1143,3932,0,0
3933,1143,3933,0,0
3934,1143,3934,0,1
3935,1144,3935,0,0
3936,1145,3936,0,1
3937,1144,3937,0,0
3938,1144,3938,0,1
3939,1145,3939,0,1
3940,1144,3940,0,1
3941,1146,3941,0,1
3942,1146,3942,0,0
3943,1146,3943,0,0
3944,1146,3944,0,1
3945,1147,3945,0,0
3946,1147,3946,0,1
3947,1147,3947,0,0
3948,1147,3948,0,1
3949,1148,3949,0,1
3950,1148,3950,0,0
3951,1148,3951,0,0
3952,1148,3952,0,1
3953,1149,3953,0,0
3954,1149,3954,1,1
3955,1149,3955,0,0
3956,1149,3956,0,1
3957,1150,3957,0,1
3958,1150,3958,0,0
3959,1150,3959,0,0
3960,1150,3960,0,1
3961,1152,3961,0,1
3962,1152,3962,0,0
3963,1151,3963,0,0
3964,1152,3964,0,0
3965,1152,3965,0,1
3966,1151,3966,0,0
3967,1151,3967,0,1
3968,1151,3968,0,1
3969,1153,3969,0,1
3970,1153,3970,0,1
3971,1155,3971,0,0
3972,1155,3972,0,0
3973,1154,3973,0,0
3974,1154,3974,0,0
3975,1154,3975,0,1
3976,1154,3976,0,1
3977,1155,3977,0,1
3978,1155,3978,0,1
3979,1156,3979,0,1
3980,1156,3980,0,0
3981,1156,3981,0,0
3982,1156,3982,0,1
3983,1157,3983,0,1
3984,1157,3984,0,1
3985,1157,3985,0,0
3986,1157,3986,0,0
3987,1158,3987,0,1
3988,1158,3988,0,0
3989,1158,3989,0,0
3990,1158,3990,0,1
3991,1159,3991,0,1
3992,1159,3992,0,1
3993,1159,3993,0,0
3994,1159,3994,0,0
3995,1160,3995,0,0
3996,1161,3996,0,1
3997,1160,3997,0,1
3998,1161,3998,0,1
3999,1160,3999,0,1
4000,1160,4000,0,0
4001,1162,4001,0,0
4002,1163,4002,0,1
4003,1162,4003,0,1
4004,1162,4004,0,0
4005,1162,4005,0,1
4006,1163,4006,0,1
4007,1164,4007,1,1
4008,1164,4008,1,1
4009,1166,4009,0,0
4010,1165,4010,0,1
4011,1165,4011,0,0
4012,1166,4012,0,0
4013,1165,4013,0,0
4014,1165,4014,0,1
4015,1167,4015,0,1
4016,1167,4016,0,1
4017,1167,4017,0,0
4018,1167,4018,0,0
4019,1168,4019,1,0
4020,1168,4020,0,0
4021,1169,4021,0,1
4022,1169,4022,0,0
4023,1169,4023,0,0
4024,1169,4024,0,1
4025,1170,4025,0,0
4026,1170,4026,0,1
4027,1170,4027,0,1
4028,1170,4028,0,0
4029,1171,4029,0,1
4030,1171,4030,0,1
4031,1172,4031,0,0
4032,1172,4032,0,0
4033,1172,4033,0,1
4034,1172,4034,0,1
4035,1174,4035,0,0
4036,1174,4036,0,0
4037,1173,4037,0,1
4038,1173,4038,0,0
4039,1173,4039,0,1
4040,1173,4040,0,0
4041,1175,4041,0,1
4042,1175,4042,0,1
4043,1175,4043,0,0
4044,1175,4044,0,0
4045,1176,4045,0,0
4046,1176,4046,1,1
4047,1176,4047,0,1
4048,1176,4048,0,0
4049,1177,4049,0,0
4050,1177,4050,0,1
4051,1178,4051,0,1
4052,1178,4052,0,1
4053,1177,4053,0,1
4054,1177,4054,0,0
4055,1179,4055,0,1
4056,1179,4056,0,1
4057,1180,4057,0,1
4058,1180,4058,0,1
4059,1180,4059,0,0
4060,1180,4060,0,0
4061,1181,4061,0,0
4062,1181,4062,0,1
4063,1182,4063,0,1
4064,1182,4064,0,1
4065,1181,4065,0,0
4066,1181,4066,0,1
4067,1183,4067,1,1
4068,1183,4068,0,0
4069,1183,4069,0,0
4070,1183,4070,0,1
4071,1185,4071,1,0
4072,1185,4072,1,1
4073,1185,4073,1,0
4074,1185,4074,1,1
4075,1184,4075,0,1
4076,1184,4076,0,0
4077,1184,4077,0,0
4078,1184,4078,0,1
4079,1186,4079,0,1
4080,1186,4080,0,1
4081,1187,4081,0,0
4082,1186,4082,0,0
4083,1187,4083,0,1
4084,1186,4084,0,0
4085,1187,4085,1,0
4086,1187,4086,1,1
4087,189,4087,0,1
4088,189,4088,0,0
4089,129,4089,0,1
4090,273,4090,0,0
4091,105,4091,0,1
4092,229,4092,0,0
4093,76,4093,0,1
4094,129,4094,0,0
4095,105,4095,0,1
4096,229,4096,0,0
4097,273,4097,0,0
4098,76,4098,0,1
4099,76,4099,0,0
4100,44,4100,0,1
4101,105,4101,0,0
4102,44,4102,0,1
4103,129,4103,0,1
4104,229,4104,0,1
4105,273,4105,0,1
4106,273,4106,0,1
4107,105,4107,0,0
4108,189,4108,0,1
4109,44,4109,0,0
4110,44,4110,0,0
4111,229,4111,0,1
4112,129,4112,0,0
4113,189,4113,0,0
4114,76,4114,0,0
4115,1188,4115,0,1
4116,1188,4116,0,0
4117,1188,4117,0,1
4118,1188,4118,0,0
4119,269,4119,0,0
4120,269,4120,0,1
4121,269,4121,0,0
4122,269,4122,0,1
4123,351,4123,0,1
4124,351,4124,0,0
4125,351,4125,0,1
4126,351,4126,0,0
4127,352,4127,1,1
4128,352,4128,1,0
4129,352,4129,1,1
4130,352,4130,1,0
4131,1189,4131,0,0
4132,1189,4132,0,0
4133,1189,4133,0,1
4134,1189,4134,0,1
4135,353,4135,0,0
4136,353,4136,0,1
4137,353,4137,0,0
4138,353,4138,0,1
4139,1190,4139,0,1
4140,1190,4140,0,0
4141,1190,4141,0,1
4142,1190,4142,0,0
4143,354,4143,1,1
4144,354,4144,1,0
4145,354,4145,0,0
4146,354,4146,1,1
4147,270,4147,0,1
4148,270,4148,0,0
4149,270,4149,0,1
4150,270,4150,0,0
4151,1191,4151,0,1
4152,1191,4152,0,0
4153,1191,4153,0,0
4154,1191,4154,0,1
4155,355,4155,0,0
4156,355,4156,0,1
4157,355,4157,0,1
4158,355,4158,0,0
4159,356,4159,0,0
4160,356,4160,0,1
4161,356,4161,0,0
4162,356,4162,0,1
4163,271,4163,0,1
4164,271,4164,0,0
4165,271,4165,0,0
4166,271,4166,0,1
4167,357,4167,0,1
4168,357,4168,0,0
4169,357,4169,1,1
4170,357,4170,0,0
4171,358,4171,0,0
4172,358,4172,0,0
4173,358,4173,0,1
4174,358,4174,0,1
4175,1192,4175,0,0
4176,1192,4176,0,0
4177,1192,4177,0,1
4178,1192,4178,0,1
4179,1193,4179,0,1
4180,1194,4180,0,1
4181,1193,4181,0,0
4182,1193,4182,0,0
4183,1193,4183,0,1
4184,1194,4184,0,1
4185,1195,4185,0,0
4186,1195,4186,0,1
4187,1195,4187,0,0
4188,1195,4188,0,1
4189,1196,4189,0,1
4190,1196,4190,0,1
4191,1197,4191,1,1
4192,1197,4192,0,0
4193,1197,4193,0,1
4194,1197,4194,1,0
4195,1198,4195,0,1
4196,1199,4196,0,1
4197,1198,4197,0,1
4198,1199,4198,0,0
4199,1198,4199,0,0
4200,1199,4200,0,0
4201,1198,4201,0,0
4202,1199,4202,0,1
4203,1200,4203,0,1
4204,1200,4204,0,0
4205,1200,4205,0,0
4206,1200,4206,0,1
4207,1201,4207,0,0
4208,1201,4208,0,0
4209,1202,4209,0,1
4210,1202,4210,0,1
4211,1203,4211,0,0
4212,1203,4212,0,1
4213,1203,4213,0,1
4214,1203,4214,0,0
4215,1204,4215,0,1
4216,1205,4216,0,0
4217,1205,4217,0,1
4218,1205,4218,0,0
4219,1205,4219,0,1
4220,1204,4220,0,0
4221,1204,4221,0,1
4222,1204,4222,0,0
4223,1206,4223,0,0
4224,1206,4224,0,1
4225,1206,4225,0,0
4226,1206,4226,0,1
4227,1207,4227,0,1
4228,1207,4228,0,1
4229,1207,4229,0,0
4230,1208,4230,0,0
4231,1207,4231,0,0
4232,1208,4232,0,0
4233,1209,4233,0,1
4234,1209,4234,0,0
4235,1209,4235,0,1
4236,1209,4236,0,0
4237,1210,4237,0,1
4238,1210,4238,0,1
4239,1210,4239,0,0
4240,1210,4240,0,0
4241,1212,4241,0,0
4242,1212,4242,1,0
4243,1212,4243,0,1
4244,1212,4244,1,1
4245,1214,4245,0,0
4246,1213,4246,1,0
4247,1213,4247,1,0
4248,1213,4248,0,1
4249,1213,4249,1,1
4250,1214,4250,0,0
4251,1215,4251,0,0
4252,1216,4252,0,0
4253,1216,4253,0,1
4254,1215,4254,0,0
4255,1215,4255,0,1
4256,1216,4256,0,0
4257,1215,4257,0,1
4258,1216,4258,0,1
4259,1218,4259,0,0
4260,1217,4260,0,1
4261,1217,4261,0,0
4262,1217,4262,0,0
4263,1218,4263,0,0
4264,1217,4264,0,1
4265,1219,4265,0,0
4266,1219,4266,0,0
4267,1219,4267,0,1
4268,1219,4268,0,1
4269,1220,4269,0,1
4270,1220,4270,0,0
4271,1221,4271,0,1
4272,1220,4272,0,1
4273,1220,4273,0,0
4274,1221,4274,0,1
4275,1222,4275,0,0
4276,1222,4276,0,0
4277,1222,4277,0,1
4278,1222,4278,0,1
4279,1223,4279,0,0
4280,1223,4280,0,1
4281,1223,4281,0,1
4282,1223,4282,0,0
4283,1224,4283,0,1
4284,1224,4284,0,1
4285,1224,4285,0,0
4286,1225,4286,1,0
4287,1225,4287,1,0
4288,1224,4288,0,0
4289,1226,4289,0,1
4290,1226,4290,0,0
4291,1226,4291,0,0
4292,1226,4292,0,1
4293,1228,4293,0,1
4294,1227,4294,0,1
4295,1227,4295,1,0
4296,1227,4296,0,0
4297,1227,4297,1,1
4298,1228,4298,0,1
4299,1229,4299,0,1
4300,1229,4300,0,0
4301,1229,4301,0,1
4302,1229,4302,0,0
4303,1230,4303,0,1
4304,1230,4304,0,0
4305,1230,4305,0,0
4306,1230,4306,0,1
4307,1231,4307,0,0
4308,1231,4308,0,0
4309,1232,4309,0,0
4310,1232,4310,0,0
4311,1233,4311,0,0
4312,1233,4312,0,0
4313,1234,4313,0,0
4314,1234,4314,0,1
4315,1234,4315,0,0
4316,1234,4316,0,1
4317,1235,4317,0,1
4318,1235,4318,0,0
4319,1236,4319,0,0
4320,1236,4320,0,0
4321,1235,4321,0,1
4322,1235,4322,0,0
4323,1237,4323,0,1
4324,1237,4324,0,0
4325,1237,4325,0,0
4326,1237,4326,0,1
4327,1238,4327,0,1
4328,1238,4328,0,0
4329,1238,4329,0,1
4330,1238,4330,0,0
4331,1240,4331,0,1
4332,1239,4332,0,1
4333,1240,4333,1,1
4334,1239,4334,0,1
4335,1240,4335,1,0
4336,1240,4336,1,0
4337,230,4337,0,1
4338,207,4338,0,1
4339,207,4339,0,0
4340,190,4340,0,0
4341,151,4341,0,0
4342,190,4342,0,1
4343,190,4343,0,0
4344,274,4344,0,1
4345,45,4345,0,1
4346,230,4346,0,0
4347,274,4347,0,0
4348,45,4348,0,0
4349,207,4349,0,0
4350,230,4350,0,1
4351,274,4351,0,1
4352,151,4352,0,0
4353,45,4353,0,1
4354,190,4354,0,1
4355,151,4355,0,1
4356,274,4356,0,0
4357,151,4357,0,1
4358,45,4358,0,0
4359,230,4359,0,0
4360,207,4360,0,1
4361,1241,4361,0,0
4362,1241,4362,0,1
4363,1241,4363,1,0
4364,1241,4364,0,1
4365,359,4365,0,0
4366,359,4366,0,1
4367,359,4367,0,0
4368,359,4368,0,1
4369,360,4369,0,1
4370,360,4370,1,0
4371,360,4371,0,1
4372,360,4372,0,0
4373,1242,4373,0,0
4374,1242,4374,0,0
4375,1242,4375,0,1
4376,1242,4376,0,1
4377,361,4377,0,1
4378,361,4378,0,0
4379,361,4379,0,0
4380,361,4380,0,1
4381,362,4381,0,1
4382,362,4382,0,0
4383,362,4383,0,1
4384,362,4384,0,0
4385,363,4385,0,0
4386,363,4386,0,1
4387,363,4387,0,0
4388,363,4388,0,1
4389,364,4389,0,0
4390,364,4390,0,1
4391,364,4391,0,1
4392,364,4392,0,0
4393,365,4393,0,1
4394,365,4394,0,0
4395,365,4395,0,1
4396,365,4396,0,0
4397,1243,4397,0,1
4398,1243,4398,0,0
4399,1243,4399,0,1
4400,1243,4400,0,0
4401,366,4401,1,0
4402,366,4402,1,0
4403,366,4403,0,1
4404,366,4404,1,1
4405,367,4405,0,0
4406,367,4406,0,0
4407,367,4407,0,1
4408,367,4408,0,1
4409,1244,4409,1,1
4410,1244,4410,1,1
4411,1245,4411,0,1
4412,1245,4412,1,0
4413,1245,4413,0,0
4414,1245,4414,0,1
4415,1246,4415,0,1
4416,1246,4416,0,0
4417,1246,4417,0,0
4418,1246,4418,0,1
4419,1247,4419,0,0
4420,1247,4420,0,1
4421,1247,4421,0,0
4422,1247,4422,0,1
4423,1248,4423,0,1
4424,1248,4424,0,1
4425,1248,4425,0,0
4426,1248,4426,0,0
4427,1249,4427,0,0
4428,1249,4428,1,0
4429,1250,4429,0,1
4430,1250,4430,0,0
4431,1250,4431,0,0
4432,1250,4432,0,1
4433,1251,4433,0,0
4434,1251,4434,0,1
4435,1251,4435,0,1
4436,1251,4436,0,0
4437,1252,4437,0,1
4438,1252,4438,0,0
4439,1252,4439,0,0
4440,1252,4440,0,1
4441,1253,4441,0,0
4442,1253,4442,0,1
4443,1253,4443,0,0
4444,1253,4444,0,1
4445,1254,4445,0,0
4446,1254,4446,0,1
4447,1254,4447,0,0
4448,1254,4448,0,1
4449,1255,4449,0,0
4450,1256,4450,0,0
4451,1255,4451,0,0
4452,1255,4452,0,1
4453,1255,4453,0,1
4454,1256,4454,0,0
4455,1257,4455,0,0
4456,1257,4456,0,1
4457,1257,4457,0,0
4458,1257,4458,0,1
4459,1259,4459,0,1
4460,1258,4460,0,1
4461,1259,4461,0,0
4462,1258,4462,0,1
4463,1259,4463,0,1
4464,1259,4464,0,0
4465,1260,4465,0,0
4466,1260,4466,0,0
4467,1260,4467,0,1
4468,1260,4468,0,1
4469,1261,4469,0,1
4470,1261,4470,0,1
4471,1263,4471,0,0
4472,1264,4472,0,0
4473,1263,4473,0,0
4474,1264,4474,0,0
4475,1263,4475,1,1
4476,1263,4476,0,1
4477,1265,4477,0,0
4478,1265,4478,0,1
4479,1265,4479,0,1
4480,1265,4480,0,0
4481,1266,4481,0,1
4482,1267,4482,0,0
4483,1267,4483,0,0
4484,1266,4484,0,0
4485,1266,4485,0,1
4486,1266,4486,0,0
4487,1268,4487,0,0
4488,1268,4488,0,1
4489,1268,4489,0,0
4490,1269,4490,0,1
4491,1269,4491,0,1
4492,1268,4492,0,1
4493,1270,4493,0,1
4494,1270,4494,0,1
4495,1270,4495,0,0
4496,1270,4496,0,0
4497,1272,4497,0,0
4498,1271,4498,0,0
4499,1271,4499,0,1
4500,1271,4500,0,0
4501,1271,4501,0,1
4502,1272,4502,0,0
4503,1273,4503,0,1
4504,1273,4504,0,0
4505,1273,4505,0,0
4506,1273,4506,0,1
4507,1274,4507,0,0
4508,1274,4508,0,1
4509,1274,4509,0,1
4510,1274,4510,0,0
4511,1275,4511,0,1
4512,1276,4512,0,1
4513,1275,4513,0,0
4514,1276,4514,0,1
4515,1275,4515,0,0
4516,1275,4516,0,1
4517,1277,4517,0,0
4518,1277,4518,0,1
4519,1277,4519,0,1
4520,1277,4520,0,0
4521,1278,4521,0,1
4522,1278,4522,0,0
4523,1279,4523,0,0
4524,1279,4524,0,0
4525,1278,4525,0,1
4526,1278,4526,0,0
4527,1280,4527,0,0
4528,1280,4528,0,1
4529,1280,4529,0,1
4530,1280,4530,0,0
4531,1281,4531,0,0
4532,1281,4532,0,1
4533,1281,4533,0,0
4534,1281,4534,0,1
4535,1283,4535,0,1
4536,1282,4536,0,1
4537,1282,4537,0,1
4538,1283,4538,0,1
4539,1282,4539,0,0
4540,1282,4540,0,0
4541,1284,4541,0,1
4542,1284,4542,0,1
4543,1285,4543,0,1
4544,1285,4544,0,0
4545,1285,4545,0,0
4546,1285,4546,0,1
4547,1287,4547,0,1
4548,1286,4548,0,0
4549,1286,4549,0,0
4550,1287,4550,0,1
4551,1288,4551,0,1
4552,1288,4552,0,1
4553,1289,4553,0,1
4554,1288,4554,0,0
4555,1289,4555,0,0
4556,1289,4556,0,1
4557,1288,4557,0,0
4558,1289,4558,0,0
4559,1290,4559,1,0
4560,1290,4560,0,1
4561,1290,4561,0,1
4562,1290,4562,1,0
4563,77,4563,0,0
4564,130,4564,0,1
4565,208,4565,0,1
4566,191,4566,0,1
4567,276,4567,0,1
4568,275,4568,0,0
4569,191,4569,0,1
4570,191,4570,0,0
4571,106,4571,0,1
4572,275,4572,0,0
4573,77,4573,0,1
4574,276,4574,0,1
4575,130,4575,0,0
4576,275,4576,0,1
4577,232,4577,0,0
4578,191,4578,0,0
4579,208,4579,0,0
4580,275,4580,0,1
4581,208,4581,0,0
4582,232,4582,0,0
4583,77,4583,0,1
4584,276,4584,0,0
4585,106,4585,0,0
4586,130,4586,0,1
4587,106,4587,0,0
4588,232,4588,0,1
4589,276,4589,0,0
4590,106,4590,0,1
4591,130,4591,0,0
4592,77,4592,0,0
4593,208,4593,0,1
4594,232,4594,0,1
4595,368,4595,0,1
4596,368,4596,0,0
4597,368,4597,0,1
4598,368,4598,0,0
4599,369,4599,0,0
4600,369,4600,0,1
4601,369,4601,0,1
4602,369,4602,0,0
4603,370,4603,0,1
4604,370,4604,1,0
4605,370,4605,0,0
4606,370,4606,0,1
4607,371,4607,0,1
4608,371,4608,0,1
4609,371,4609,0,0
4610,371,4610,0,0
4611,1291,4611,0,0
4612,1291,4612,1,1
4613,1291,4613,0,1
4614,1291,4614,0,0
4615,372,4615,0,0
4616,372,4616,0,0
4617,372,4617,0,1
4618,372,4618,0,1
4619,1292,4619,0,0
4620,1292,4620,0,1
4621,1292,4621,0,1
4622,1292,4622,0,0
4623,373,4623,0,1
4624,373,4624,0,0
4625,373,4625,0,0
4626,373,4626,0,1
4627,374,4627,0,1
4628,374,4628,0,1
4629,374,4629,0,0
4630,374,4630,0,0
4631,1293,4631,0,0
4632,1293,4632,0,0
4633,1293,4633,0,1
4634,1293,4634,0,1
4635,375,4635,0,0
4636,375,4636,0,1
4637,375,4637,0,0
4638,375,4638,0,1
4639,1294,4639,0,1
4640,1294,4640,0,0
4641,1294,4641,0,0
4642,1294,4642,0,1
4643,1296,4643,0,0
4644,1295,4644,0,0
4645,1296,4645,0,0
4646,1295,4646,0,1
4647,1296,4647,0,1
4648,1295,4648,0,0
4649,1296,4649,0,1
4650,1295,4650,0,1
4651,1297,4651,0,1
4652,1297,4652,0,1
4653,1297,4653,0,0
4654,1297,4654,0,0
4655,1298,4655,0,1
4656,1298,4656,0,1
4657,1298,4657,0,0
4658,1298,4658,0,0
4659,1299,4659,0,1
4660,1299,4660,0,0
4661,1299,4661,0,1
4662,1299,4662,0,0
4663,1301,4663,0,1
4664,1301,4664,0,0
4665,1300,4665,0,1
4666,1301,4666,0,0
4667,1300,4667,0,1
4668,1301,4668,0,1
4669,1302,4669,0,0
4670,1302,4670,0,1
4671,1302,4671,0,1
4672,1302,4672,0,0
4673,1303,4673,0,0
4674,1303,4674,0,1
4675,1303,4675,0,0
4676,1303,4676,0,1
4677,1304,4677,0,0
4678,1304,4678,1,1
4679,1304,4679,1,0
4680,1304,4680,0,1
4681,1305,4681,0,0
4682,1305,4682,0,1
4683,1305,4683,0,1
4684,1305,4684,0,0
4685,1306,4685,0,1
4686,1307,4686,0,1
4687,1306,4687,0,0
4688,1306,4688,0,1
4689,1306,4689,0,0
4690,1307,4690,0,1
4691,1308,4691,0,0
4692,1308,4692,0,0
4693,1308,4693,0,1
4694,1308,4694,0,1
4695,1309,4695,0,0
4696,1309,4696,0,0
4697,1309,4697,0,1
4698,1309,4698,0,1
4699,1310,4699,0,1
4700,1310,4700,1,0
4701,1310,4701,0,0
4702,1310,4702,1,1
4703,1311,4703,0,0
4704,1311,4704,1,0
4705,1311,4705,0,1
4706,1311,4706,1,1
4707,1312,4707,0,0
4708,1312,4708,0,1
4709,1312,4709,0,0
4710,1312,4710,0,1
4711,1314,4711,0,0
4712,1314,4712,0,1
4713,1314,4713,0,1
4714,1314,4714,0,0
4715,1315,4715,0,0
4716,1315,4716,0,1
4717,1315,4717,0,0
4718,1315,4718,0,1
4719,1316,4719,0,0
4720,1317,4720,0,0
4721,1316,4721,0,1
4722,1316,4722,0,0
4723,1317,4723,0,0
4724,1316,4724,0,1
4725,1318,4725,0,1
4726,1318,4726,1,1
4727,1318,4727,0,0
4728,1319,4728,0,0
4729,1318,4729,1,0
4730,1319,4730,0,0
4731,1320,4731,0,0
4732,1320,4732,0,0
4733,1320,4733,0,1
4734,1320,4734,0,1
4735,1322,4735,0,1
4736,1321,4736,1,1
4737,1321,4737,1,1
4738,1321,4738,1,0
4739,1322,4739,0,1
4740,1321,4740,1,0
4741,1323,4741,0,1
4742,1323,4742,0,1
4743,1323,4743,0,0
4744,1323,4744,0,0
4745,1324,4745,0,1
4746,1325,4746,0,0
4747,1324,4747,0,0
4748,1324,4748,0,0
4749,1325,4749,0,0
4750,1324,4750,0,1
4751,1326,4751,0,1
4752,1326,4752,0,1
4753,1326,4753,0,0
4754,1326,4754,0,0
4755,1327,4755,0,0
4756,1328,4756,0,1
4757,1327,4757,0,1
4758,1328,4758,1,1
4759,1327,4759,0,1
4760,1327,4760,0,0
4761,1329,4761,0,0
4762,1329,4762,0,1
4763,1329,4763,0,0
4764,1329,4764,0,1
4765,1330,4765,0,1
4766,1330,4766,0,1
4767,1331,4767,0,1
4768,1332,4768,0,0
4769,1332,4769,0,0
4770,1331,4770,0,1
4771,1331,4771,0,0
4772,1331,4772,0,0
4773,1333,4773,0,0
4774,1333,4774,0,0
4775,1334,4775,0,0
4776,1334,4776,0,0
4777,1334,4777,0,1
4778,1334,4778,0,1
4779,1336,4779,0,0
4780,1335,4780,0,0
4781,1335,4781,0,0
4782,1336,4782,0,0
4783,1338,4783,1,0
4784,1338,4784,1,1
4785,1337,4785,0,1
4786,1337,4786,0,0
4787,1337,4787,0,0
4788,1337,4788,0,1
4789,1338,4789,1,1
4790,1338,4790,0,0
4791,1339,4791,0,1
4792,1339,4792,0,0
4793,1339,4793,0,0
4794,1339,4794,0,1
4795,152,4795,0,0
4796,281,4796,0,1
4797,107,4797,0,1
4798,46,4798,0,1
4799,78,4799,0,1
4800,78,4800,0,0
4801,78,4801,0,1
4802,233,4802,0,0
4803,107,4803,0,0
4804,209,4804,0,0
4805,281,4805,0,0
4806,233,4806,0,1
4807,46,4807,0,0
4808,209,4808,0,0
4809,152,4809,0,0
4810,107,4810,0,1
4811,233,4811,0,1
4812,281,4812,0,1
4813,209,4813,0,1
4814,281,4814,0,0
4815,152,4815,0,1
4816,107,4816,0,0
4817,46,4817,0,0
4818,209,4818,0,1
4819,46,4819,0,1
4820,233,4820,0,0
4821,152,4821,0,1
4822,78,4822,0,0
4823,1340,4823,0,1
4824,1340,4824,0,0
4825,1340,4825,0,0
4826,1340,4826,0,1
4827,376,4827,1,1
4828,376,4828,0,1
4829,376,4829,0,0
4830,376,4830,1,0
4831,1341,4831,0,0
4832,1341,4832,0,1
4833,1341,4833,0,0
4834,1341,4834,0,1
4835,377,4835,0,0
4836,377,4836,0,1
4837,377,4837,0,1
4838,377,4838,0,0
4839,378,4839,0,0
4840,378,4840,0,1
4841,378,4841,0,0
4842,378,4842,0,1
4843,1342,4843,0,1
4844,1342,4844,1,0
4845,1342,4845,0,0
4846,1342,4846,0,1
4847,379,4847,1,1
4848,379,4848,1,0
4849,379,4849,1,1
4850,379,4850,0,0
4851,1343,4851,0,0
4852,1343,4852,0,1
4853,1343,4853,0,0
4854,1343,4854,0,1
4855,380,4855,0,1
4856,380,4856,0,0
4857,380,4857,0,0
4858,380,4858,0,1
4859,381,4859,0,1
4860,381,4860,1,0
4861,381,4861,0,1
4862,381,4862,1,0
4863,1344,4863,0,0
4864,1344,4864,0,1
4865,1344,4865,0,1
4866,1344,4866,0,0
4867,382,4867,0,0
4868,382,4868,0,1
4869,382,4869,0,1
4870,382,4870,0,0
